t,q_int,q_restored
0,0,0
0.005,434,0.0132446
0.01,1029,0.0314026
0.015,1603,0.0489197
0.02,2058,0.0628052
0.025,2557,0.0780334
0.03,3084,0.0941162
0.035,3630,0.110779
0.04,4107,0.125336
0.045,4618,0.14093
0.05,5126,0.156433
0.055,5660,0.172729
0.06,6140,0.187378
0.065,6653,0.203033
0.07,7148,0.21814
0.075,7672,0.234131
0.08,8149,0.248688
0.085,8660,0.264282
0.09,9142,0.278992
0.095,9656,0.294678
0.1,10126,0.309021
0.105,10631,0.324432
0.11,11100,0.338745
0.115,11604,0.354126
0.12,12063,0.368134
0.125,12559,0.38327
0.13,13014,0.397156
0.135,13506,0.41217
0.14,13952,0.425781
0.145,14436,0.440552
0.15,14876,0.453979
0.155,15355,0.468597
0.16,15786,0.48175
0.165,16258,0.496155
0.17,16680,0.509033
0.175,17145,0.523224
0.18,17558,0.535828
0.185,18016,0.549805
0.19,18418,0.562073
0.195,18868,0.575806
0.2,19261,0.587799
0.205,19703,0.601288
0.21,20084,0.612915
0.215,20517,0.626129
0.22,20887,0.637421
0.225,21311,0.65036
0.23,21670,0.661316
0.235,22084,0.67395
0.24,22431,0.68454
0.245,22835,0.696869
0.25,23170,0.707092
0.255,23564,0.719116
0.26,23887,0.728973
0.265,24271,0.740692
0.27,24580,0.750122
0.275,24952,0.761475
0.28,25248,0.770508
0.285,25609,0.781525
0.29,25892,0.790161
0.295,26241,0.800812
0.3,26510,0.809021
0.305,26847,0.819305
0.31,27102,0.827087
0.315,27426,0.836975
0.32,27667,0.84433
0.325,27979,0.853851
0.33,28205,0.860748
0.335,28504,0.869873
0.34,28715,0.876312
0.345,29001,0.88504
0.35,29197,0.891022
0.355,29468,0.899292
0.36,29649,0.904816
0.365,29907,0.912689
0.37,30073,0.917755
0.375,30317,0.925201
0.38,30467,0.929779
0.385,30696,0.936768
0.39,30831,0.940887
0.395,31045,0.947418
0.4,31164,0.95105
0.405,31363,0.957123
0.41,31467,0.960297
0.415,31652,0.965942
0.42,31739,0.968597
0.425,31908,0.973755
0.43,31979,0.975922
0.435,32133,0.980621
0.44,32188,0.9823
0.445,32326,0.986511
0.45,32365,0.987701
0.455,32487,0.991425
0.46,32510,0.992126
0.465,32617,0.995392
0.47,32623,0.995575
0.475,32713,0.998322
0.48,32703,0.998016
0.485,32767,0.999969
0.49,32752,0.999512
0.495,32767,0.999969
0.5,32767,0.999969
0.505,32767,0.999969
0.51,32752,0.999512
0.515,32767,0.999969
0.52,32703,0.998016
0.525,32713,0.998322
0.53,32623,0.995575
0.535,32617,0.995392
0.54,32510,0.992126
0.545,32487,0.991425
0.55,32365,0.987701
0.555,32326,0.986511
0.56,32188,0.9823
0.565,32133,0.980621
0.57,31979,0.975922
0.575,31908,0.973755
0.58,31739,0.968597
0.585,31652,0.965942
0.59,31467,0.960297
0.595,31363,0.957123
0.6,31164,0.95105
0.605,31045,0.947418
0.61,30831,0.940887
0.615,30696,0.936768
0.62,30467,0.929779
0.625,30317,0.925201
0.63,30073,0.917755
0.635,29907,0.912689
0.64,29649,0.904816
0.645,29468,0.899292
0.65,29197,0.891022
0.655,29001,0.88504
0.66,28715,0.876312
0.665,28504,0.869873
0.67,28205,0.860748
0.675,27979,0.853851
0.68,27667,0.84433
0.685,27426,0.836975
0.69,27102,0.827087
0.695,26847,0.819305
0.7,26510,0.809021
0.705,26241,0.800812
0.71,25892,0.790161
0.715,25609,0.781525
0.72,25248,0.770508
0.725,24952,0.761475
0.73,24580,0.750122
0.735,24271,0.740692
0.74,23887,0.728973
0.745,23564,0.719116
0.75,23170,0.707092
0.755,22835,0.696869
0.76,22431,0.68454
0.765,22084,0.67395
0.77,21670,0.661316
0.775,21311,0.65036
0.78,20887,0.637421
0.785,20517,0.626129
0.79,20084,0.612915
0.795,19703,0.601288
0.8,19261,0.587799
0.805,18868,0.575806
0.81,18418,0.562073
0.815,18016,0.549805
0.82,17558,0.535828
0.825,17145,0.523224
0.83,16680,0.509033
0.835,16258,0.496155
0.84,15786,0.48175
0.845,15355,0.468597
0.85,14876,0.453979
0.855,14436,0.440552
0.86,13952,0.425781
0.865,13504,0.412109
0.87,13014,0.397156
0.875,12558,0.38324
0.88,12063,0.368134
0.885,11599,0.353973
0.89,11100,0.338745
0.895,10629,0.324371
0.9,10126,0.309021
0.905,9649,0.294464
0.91,9142,0.278992
0.915,8659,0.264252
0.92,8149,0.248688
0.925,7660,0.233765
0.93,7148,0.21814
0.935,6654,0.203064
0.94,6140,0.187378
0.945,5642,0.17218
0.95,5126,0.156433
0.955,4624,0.141113
0.96,4107,0.125336
0.965,3601,0.109894
0.97,3084,0.0941162
0.975,2575,0.0785828
0.98,2058,0.0628052
0.985,1546,0.0471802
0.99,1029,0.0314026
0.995,515,0.0157166
1,0,0
1.005,-515,-0.0157166
1.01,-1029,-0.0314026
1.015,-1546,-0.0471802
1.02,-2058,-0.0628052
1.025,-2575,-0.0785828
1.03,-3084,-0.0941162
1.035,-3601,-0.109894
1.04,-4107,-0.125336
1.045,-4624,-0.141113
1.05,-5126,-0.156433
1.055,-5642,-0.17218
1.06,-6140,-0.187378
1.065,-6654,-0.203064
1.07,-7148,-0.21814
1.075,-7660,-0.233765
1.08,-8149,-0.248688
1.085,-8659,-0.264252
1.09,-9142,-0.278992
1.095,-9649,-0.294464
1.1,-10126,-0.309021
1.105,-10629,-0.324371
1.11,-11100,-0.338745
1.115,-11599,-0.353973
1.12,-12063,-0.368134
1.125,-12558,-0.38324
1.13,-13014,-0.397156
1.135,-13504,-0.412109
1.14,-13952,-0.425781
1.145,-14436,-0.440552
1.15,-14876,-0.453979
1.155,-15355,-0.468597
1.16,-15786,-0.48175
1.165,-16258,-0.496155
1.17,-16680,-0.509033
1.175,-17145,-0.523224
1.18,-17558,-0.535828
1.185,-18016,-0.549805
1.19,-18418,-0.562073
1.195,-18868,-0.575806
1.2,-19261,-0.587799
1.205,-19703,-0.601288
1.21,-20084,-0.612915
1.215,-20517,-0.626129
1.22,-20887,-0.637421
1.225,-21311,-0.65036
1.23,-21670,-0.661316
1.235,-22084,-0.67395
1.24,-22431,-0.68454
1.245,-22835,-0.696869
1.25,-23170,-0.707092
1.255,-23564,-0.719116
1.26,-23887,-0.728973
1.265,-24271,-0.740692
1.27,-24580,-0.750122
1.275,-24952,-0.761475
1.28,-25248,-0.770508
1.285,-25609,-0.781525
1.29,-25892,-0.790161
1.295,-26241,-0.800812
1.3,-26510,-0.809021
1.305,-26847,-0.819305
1.31,-27102,-0.827087
1.315,-27426,-0.836975
1.32,-27667,-0.84433
1.325,-27979,-0.853851
1.33,-28205,-0.860748
1.335,-28504,-0.869873
1.34,-28715,-0.876312
1.345,-29001,-0.88504
1.35,-29197,-0.891022
1.355,-29468,-0.899292
1.36,-29649,-0.904816
1.365,-29907,-0.912689
1.37,-30073,-0.917755
1.375,-30317,-0.925201
1.38,-30467,-0.929779
1.385,-30696,-0.936768
1.39,-30831,-0.940887
1.395,-31045,-0.947418
1.4,-31164,-0.95105
1.405,-31363,-0.957123
1.41,-31467,-0.960297
1.415,-31652,-0.965942
1.42,-31739,-0.968597
1.425,-31908,-0.973755
1.43,-31979,-0.975922
1.435,-32133,-0.980621
1.44,-32188,-0.9823
1.445,-32326,-0.986511
1.45,-32365,-0.987701
1.455,-32487,-0.991425
1.46,-32510,-0.992126
1.465,-32617,-0.995392
1.47,-32623,-0.995575
1.475,-32713,-0.998322
1.48,-32703,-0.998016
1.485,-32768,-1
1.49,-32752,-0.999512
1.495,-32768,-1
1.5,-32768,-1
1.505,-32768,-1
1.51,-32752,-0.999512
1.515,-32768,-1
1.52,-32703,-0.998016
1.525,-32713,-0.998322
1.53,-32623,-0.995575
1.535,-32617,-0.995392
1.54,-32510,-0.992126
1.545,-32487,-0.991425
1.55,-32365,-0.987701
1.555,-32326,-0.986511
1.56,-32188,-0.9823
1.565,-32133,-0.980621
1.57,-31979,-0.975922
1.575,-31908,-0.973755
1.58,-31739,-0.968597
1.585,-31652,-0.965942
1.59,-31467,-0.960297
1.595,-31363,-0.957123
1.6,-31164,-0.95105
1.605,-31045,-0.947418
1.61,-30831,-0.940887
1.615,-30696,-0.936768
1.62,-30467,-0.929779
1.625,-30317,-0.925201
1.63,-30073,-0.917755
1.635,-29907,-0.912689
1.64,-29649,-0.904816
1.645,-29468,-0.899292
1.65,-29197,-0.891022
1.655,-29001,-0.88504
1.66,-28715,-0.876312
1.665,-28504,-0.869873
1.67,-28205,-0.860748
1.675,-27979,-0.853851
1.68,-27667,-0.84433
1.685,-27426,-0.836975
1.69,-27102,-0.827087
1.695,-26847,-0.819305
1.7,-26510,-0.809021
1.705,-26241,-0.800812
1.71,-25892,-0.790161
1.715,-25609,-0.781525
1.72,-25248,-0.770508
1.725,-24952,-0.761475
1.73,-24580,-0.750122
1.735,-24271,-0.740692
1.74,-23887,-0.728973
1.745,-23564,-0.719116
1.75,-23170,-0.707092
1.755,-22835,-0.696869
1.76,-22431,-0.68454
1.765,-22084,-0.67395
1.77,-21670,-0.661316
1.775,-21311,-0.65036
1.78,-20887,-0.637421
1.785,-20517,-0.626129
1.79,-20084,-0.612915
1.795,-19703,-0.601288
1.8,-19261,-0.587799
1.805,-18868,-0.575806
1.81,-18418,-0.562073
1.815,-18016,-0.549805
1.82,-17558,-0.535828
1.825,-17145,-0.523224
1.83,-16680,-0.509033
1.835,-16258,-0.496155
1.84,-15786,-0.48175
1.845,-15355,-0.468597
1.85,-14876,-0.453979
1.855,-14436,-0.440552
1.86,-13952,-0.425781
1.865,-13504,-0.412109
1.87,-13014,-0.397156
1.875,-12558,-0.38324
1.88,-12063,-0.368134
1.885,-11599,-0.353973
1.89,-11100,-0.338745
1.895,-10629,-0.324371
1.9,-10126,-0.309021
1.905,-9649,-0.294464
1.91,-9142,-0.278992
1.915,-8659,-0.264252
1.92,-8149,-0.248688
1.925,-7660,-0.233765
1.93,-7148,-0.21814
1.935,-6654,-0.203064
1.94,-6140,-0.187378
1.945,-5642,-0.17218
1.95,-5126,-0.156433
1.955,-4624,-0.141113
1.96,-4107,-0.125336
1.965,-3601,-0.109894
1.97,-3084,-0.0941162
1.975,-2575,-0.0785828
1.98,-2058,-0.0628052
1.985,-1546,-0.0471802
1.99,-1029,-0.0314026
1.995,-515,-0.0157166
2,0,0
2.005,515,0.0157166
2.01,1029,0.0314026
2.015,1546,0.0471802
2.02,2058,0.0628052
2.025,2575,0.0785828
2.03,3084,0.0941162
2.035,3601,0.109894
2.04,4107,0.125336
2.045,4624,0.141113
2.05,5126,0.156433
2.055,5642,0.17218
2.06,6140,0.187378
2.065,6654,0.203064
2.07,7148,0.21814
2.075,7660,0.233765
2.08,8149,0.248688
2.085,8659,0.264252
2.09,9142,0.278992
2.095,9649,0.294464
2.1,10126,0.309021
2.105,10629,0.324371
2.11,11100,0.338745
2.115,11599,0.353973
2.12,12063,0.368134
2.125,12558,0.38324
2.13,13014,0.397156
2.135,13504,0.412109
2.14,13952,0.425781
2.145,14436,0.440552
2.15,14876,0.453979
2.155,15355,0.468597
2.16,15786,0.48175
2.165,16258,0.496155
2.17,16680,0.509033
2.175,17145,0.523224
2.18,17558,0.535828
2.185,18016,0.549805
2.19,18418,0.562073
2.195,18868,0.575806
2.2,19261,0.587799
2.205,19703,0.601288
2.21,20084,0.612915
2.215,20517,0.626129
2.22,20887,0.637421
2.225,21311,0.65036
2.23,21670,0.661316
2.235,22084,0.67395
2.24,22431,0.68454
2.245,22835,0.696869
2.25,23170,0.707092
2.255,23564,0.719116
2.26,23887,0.728973
2.265,24271,0.740692
2.27,24580,0.750122
2.275,24952,0.761475
2.28,25248,0.770508
2.285,25609,0.781525
2.29,25892,0.790161
2.295,26241,0.800812
2.3,26510,0.809021
2.305,26847,0.819305
2.31,27102,0.827087
2.315,27426,0.836975
2.32,27667,0.84433
2.325,27979,0.853851
2.33,28205,0.860748
2.335,28504,0.869873
2.34,28715,0.876312
2.345,29001,0.88504
2.35,29197,0.891022
2.355,29468,0.899292
2.36,29649,0.904816
2.365,29907,0.912689
2.37,30073,0.917755
2.375,30317,0.925201
2.38,30467,0.929779
2.385,30696,0.936768
2.39,30831,0.940887
2.395,31045,0.947418
2.4,31164,0.95105
2.405,31363,0.957123
2.41,31467,0.960297
2.415,31652,0.965942
2.42,31739,0.968597
2.425,31908,0.973755
2.43,31979,0.975922
2.435,32133,0.980621
2.44,32188,0.9823
2.445,32326,0.986511
2.45,32365,0.987701
2.455,32487,0.991425
2.46,32510,0.992126
2.465,32617,0.995392
2.47,32623,0.995575
2.475,32713,0.998322
2.48,32703,0.998016
2.485,32767,0.999969
2.49,32752,0.999512
2.495,32767,0.999969
2.5,32767,0.999969
2.505,32767,0.999969
2.51,32752,0.999512
2.515,32767,0.999969
2.52,32703,0.998016
2.525,32713,0.998322
2.53,32623,0.995575
2.535,32617,0.995392
2.54,32510,0.992126
2.545,32487,0.991425
2.55,32365,0.987701
2.555,32326,0.986511
2.56,32188,0.9823
2.565,32133,0.980621
2.57,31979,0.975922
2.575,31908,0.973755
2.58,31739,0.968597
2.585,31652,0.965942
2.59,31467,0.960297
2.595,31363,0.957123
2.6,31164,0.95105
2.605,31045,0.947418
2.61,30831,0.940887
2.615,30696,0.936768
2.62,30467,0.929779
2.625,30317,0.925201
2.63,30073,0.917755
2.635,29907,0.912689
2.64,29649,0.904816
2.645,29468,0.899292
2.65,29197,0.891022
2.655,29001,0.88504
2.66,28715,0.876312
2.665,28504,0.869873
2.67,28205,0.860748
2.675,27979,0.853851
2.68,27667,0.84433
2.685,27426,0.836975
2.69,27102,0.827087
2.695,26847,0.819305
2.7,26510,0.809021
2.705,26241,0.800812
2.71,25892,0.790161
2.715,25609,0.781525
2.72,25248,0.770508
2.725,24952,0.761475
2.73,24580,0.750122
2.735,24271,0.740692
2.74,23887,0.728973
2.745,23564,0.719116
2.75,23170,0.707092
2.755,22835,0.696869
2.76,22431,0.68454
2.765,22084,0.67395
2.77,21670,0.661316
2.775,21311,0.65036
2.78,20887,0.637421
2.785,20517,0.626129
2.79,20084,0.612915
2.795,19703,0.601288
2.8,19261,0.587799
2.805,18868,0.575806
2.81,18418,0.562073
2.815,18016,0.549805
2.82,17558,0.535828
2.825,17145,0.523224
2.83,16680,0.509033
2.835,16258,0.496155
2.84,15786,0.48175
2.845,15355,0.468597
2.85,14876,0.453979
2.855,14436,0.440552
2.86,13952,0.425781
2.865,13504,0.412109
2.87,13014,0.397156
2.875,12558,0.38324
2.88,12063,0.368134
2.885,11599,0.353973
2.89,11100,0.338745
2.895,10629,0.324371
2.9,10126,0.309021
2.905,9649,0.294464
2.91,9142,0.278992
2.915,8659,0.264252
2.92,8149,0.248688
2.925,7660,0.233765
2.93,7148,0.21814
2.935,6654,0.203064
2.94,6140,0.187378
2.945,5642,0.17218
2.95,5126,0.156433
2.955,4624,0.141113
2.96,4107,0.125336
2.965,3601,0.109894
2.97,3084,0.0941162
2.975,2575,0.0785828
2.98,2058,0.0628052
2.985,1546,0.0471802
2.99,1029,0.0314026
2.995,515,0.0157166
3,0,0
3.005,-515,-0.0157166
3.01,-1029,-0.0314026
3.015,-1546,-0.0471802
3.02,-2058,-0.0628052
3.025,-2575,-0.0785828
3.03,-3084,-0.0941162
3.035,-3601,-0.109894
3.04,-4107,-0.125336
3.045,-4624,-0.141113
3.05,-5126,-0.156433
3.055,-5642,-0.17218
3.06,-6140,-0.187378
3.065,-6654,-0.203064
3.07,-7148,-0.21814
3.075,-7660,-0.233765
3.08,-8149,-0.248688
3.085,-8659,-0.264252
3.09,-9142,-0.278992
3.095,-9649,-0.294464
3.1,-10126,-0.309021
3.105,-10629,-0.324371
3.11,-11100,-0.338745
3.115,-11599,-0.353973
3.12,-12063,-0.368134
3.125,-12558,-0.38324
3.13,-13014,-0.397156
3.135,-13504,-0.412109
3.14,-13952,-0.425781
3.145,-14436,-0.440552
3.15,-14876,-0.453979
3.155,-15355,-0.468597
3.16,-15786,-0.48175
3.165,-16258,-0.496155
3.17,-16680,-0.509033
3.175,-17145,-0.523224
3.18,-17558,-0.535828
3.185,-18016,-0.549805
3.19,-18418,-0.562073
3.195,-18868,-0.575806
3.2,-19261,-0.587799
3.205,-19703,-0.601288
3.21,-20084,-0.612915
3.215,-20517,-0.626129
3.22,-20887,-0.637421
3.225,-21311,-0.65036
3.23,-21670,-0.661316
3.235,-22084,-0.67395
3.24,-22431,-0.68454
3.245,-22835,-0.696869
3.25,-23170,-0.707092
3.255,-23564,-0.719116
3.26,-23887,-0.728973
3.265,-24271,-0.740692
3.27,-24580,-0.750122
3.275,-24952,-0.761475
3.28,-25248,-0.770508
3.285,-25609,-0.781525
3.29,-25892,-0.790161
3.295,-26241,-0.800812
3.3,-26510,-0.809021
3.305,-26847,-0.819305
3.31,-27102,-0.827087
3.315,-27426,-0.836975
3.32,-27667,-0.84433
3.325,-27979,-0.853851
3.33,-28205,-0.860748
3.335,-28504,-0.869873
3.34,-28715,-0.876312
3.345,-29001,-0.88504
3.35,-29197,-0.891022
3.355,-29468,-0.899292
3.36,-29649,-0.904816
3.365,-29907,-0.912689
3.37,-30073,-0.917755
3.375,-30317,-0.925201
3.38,-30467,-0.929779
3.385,-30696,-0.936768
3.39,-30831,-0.940887
3.395,-31045,-0.947418
3.4,-31164,-0.95105
3.405,-31363,-0.957123
3.41,-31467,-0.960297
3.415,-31652,-0.965942
3.42,-31739,-0.968597
3.425,-31908,-0.973755
3.43,-31979,-0.975922
3.435,-32133,-0.980621
3.44,-32188,-0.9823
3.445,-32326,-0.986511
3.45,-32365,-0.987701
3.455,-32487,-0.991425
3.46,-32510,-0.992126
3.465,-32617,-0.995392
3.47,-32623,-0.995575
3.475,-32713,-0.998322
3.48,-32703,-0.998016
3.485,-32768,-1
3.49,-32752,-0.999512
3.495,-32768,-1
3.5,-32768,-1
3.505,-32768,-1
3.51,-32752,-0.999512
3.515,-32768,-1
3.52,-32703,-0.998016
3.525,-32713,-0.998322
3.53,-32623,-0.995575
3.535,-32617,-0.995392
3.54,-32510,-0.992126
3.545,-32487,-0.991425
3.55,-32365,-0.987701
3.555,-32326,-0.986511
3.56,-32188,-0.9823
3.565,-32133,-0.980621
3.57,-31979,-0.975922
3.575,-31908,-0.973755
3.58,-31739,-0.968597
3.585,-31652,-0.965942
3.59,-31467,-0.960297
3.595,-31363,-0.957123
3.6,-31164,-0.95105
3.605,-31045,-0.947418
3.61,-30831,-0.940887
3.615,-30696,-0.936768
3.62,-30467,-0.929779
3.625,-30317,-0.925201
3.63,-30073,-0.917755
3.635,-29907,-0.912689
3.64,-29649,-0.904816
3.645,-29468,-0.899292
3.65,-29197,-0.891022
3.655,-29001,-0.88504
3.66,-28715,-0.876312
3.665,-28504,-0.869873
3.67,-28205,-0.860748
3.675,-27979,-0.853851
3.68,-27667,-0.84433
3.685,-27426,-0.836975
3.69,-27102,-0.827087
3.695,-26847,-0.819305
3.7,-26510,-0.809021
3.705,-26241,-0.800812
3.71,-25892,-0.790161
3.715,-25609,-0.781525
3.72,-25248,-0.770508
3.725,-24952,-0.761475
3.73,-24580,-0.750122
3.735,-24271,-0.740692
3.74,-23887,-0.728973
3.745,-23564,-0.719116
3.75,-23170,-0.707092
3.755,-22835,-0.696869
3.76,-22431,-0.68454
3.765,-22084,-0.67395
3.77,-21670,-0.661316
3.775,-21311,-0.65036
3.78,-20887,-0.637421
3.785,-20517,-0.626129
3.79,-20084,-0.612915
3.795,-19703,-0.601288
3.8,-19261,-0.587799
3.805,-18868,-0.575806
3.81,-18418,-0.562073
3.815,-18016,-0.549805
3.82,-17558,-0.535828
3.825,-17145,-0.523224
3.83,-16680,-0.509033
3.835,-16258,-0.496155
3.84,-15786,-0.48175
3.845,-15355,-0.468597
3.85,-14876,-0.453979
3.855,-14436,-0.440552
3.86,-13952,-0.425781
3.865,-13504,-0.412109
3.87,-13014,-0.397156
3.875,-12558,-0.38324
3.88,-12063,-0.368134
3.885,-11599,-0.353973
3.89,-11100,-0.338745
3.895,-10629,-0.324371
3.9,-10126,-0.309021
3.905,-9649,-0.294464
3.91,-9142,-0.278992
3.915,-8659,-0.264252
3.92,-8149,-0.248688
3.925,-7660,-0.233765
3.93,-7148,-0.21814
3.935,-6654,-0.203064
3.94,-6140,-0.187378
3.945,-5642,-0.17218
3.95,-5126,-0.156433
3.955,-4624,-0.141113
3.96,-4107,-0.125336
3.965,-3601,-0.109894
3.97,-3084,-0.0941162
3.975,-2575,-0.0785828
3.98,-2058,-0.0628052
3.985,-1546,-0.0471802
3.99,-1029,-0.0314026
3.995,-515,-0.0157166
4,0,0
4.005,515,0.0157166
4.01,1029,0.0314026
4.015,1546,0.0471802
4.02,2058,0.0628052
4.025,2575,0.0785828
4.03,3084,0.0941162
4.035,3601,0.109894
4.04,4107,0.125336
4.045,4624,0.141113
4.05,5126,0.156433
4.055,5642,0.17218
4.06,6140,0.187378
4.065,6654,0.203064
4.07,7148,0.21814
4.075,7660,0.233765
4.08,8149,0.248688
4.085,8659,0.264252
4.09,9142,0.278992
4.095,9649,0.294464
4.1,10126,0.309021
4.105,10629,0.324371
4.11,11100,0.338745
4.115,11599,0.353973
4.12,12063,0.368134
4.125,12558,0.38324
4.13,13014,0.397156
4.135,13504,0.412109
4.14,13952,0.425781
4.145,14436,0.440552
4.15,14876,0.453979
4.155,15355,0.468597
4.16,15786,0.48175
4.165,16258,0.496155
4.17,16680,0.509033
4.175,17145,0.523224
4.18,17558,0.535828
4.185,18016,0.549805
4.19,18418,0.562073
4.195,18868,0.575806
4.2,19261,0.587799
4.205,19703,0.601288
4.21,20084,0.612915
4.215,20517,0.626129
4.22,20887,0.637421
4.225,21311,0.65036
4.23,21670,0.661316
4.235,22084,0.67395
4.24,22431,0.68454
4.245,22835,0.696869
4.25,23170,0.707092
4.255,23564,0.719116
4.26,23887,0.728973
4.265,24271,0.740692
4.27,24580,0.750122
4.275,24952,0.761475
4.28,25248,0.770508
4.285,25609,0.781525
4.29,25892,0.790161
4.295,26241,0.800812
4.3,26510,0.809021
4.305,26847,0.819305
4.31,27102,0.827087
4.315,27426,0.836975
4.32,27667,0.84433
4.325,27979,0.853851
4.33,28205,0.860748
4.335,28504,0.869873
4.34,28715,0.876312
4.345,29001,0.88504
4.35,29197,0.891022
4.355,29468,0.899292
4.36,29649,0.904816
4.365,29907,0.912689
4.37,30073,0.917755
4.375,30317,0.925201
4.38,30467,0.929779
4.385,30696,0.936768
4.39,30831,0.940887
4.395,31045,0.947418
4.4,31164,0.95105
4.405,31363,0.957123
4.41,31467,0.960297
4.415,31652,0.965942
4.42,31739,0.968597
4.425,31908,0.973755
4.43,31979,0.975922
4.435,32133,0.980621
4.44,32188,0.9823
4.445,32326,0.986511
4.45,32365,0.987701
4.455,32487,0.991425
4.46,32510,0.992126
4.465,32617,0.995392
4.47,32623,0.995575
4.475,32713,0.998322
4.48,32703,0.998016
4.485,32767,0.999969
4.49,32752,0.999512
4.495,32767,0.999969
4.5,32767,0.999969
4.505,32767,0.999969
4.51,32752,0.999512
4.515,32767,0.999969
4.52,32703,0.998016
4.525,32713,0.998322
4.53,32623,0.995575
4.535,32617,0.995392
4.54,32510,0.992126
4.545,32487,0.991425
4.55,32365,0.987701
4.555,32326,0.986511
4.56,32188,0.9823
4.565,32133,0.980621
4.57,31979,0.975922
4.575,31908,0.973755
4.58,31739,0.968597
4.585,31652,0.965942
4.59,31467,0.960297
4.595,31363,0.957123
4.6,31164,0.95105
4.605,31045,0.947418
4.61,30831,0.940887
4.615,30696,0.936768
4.62,30467,0.929779
4.625,30317,0.925201
4.63,30073,0.917755
4.635,29907,0.912689
4.64,29649,0.904816
4.645,29468,0.899292
4.65,29197,0.891022
4.655,29001,0.88504
4.66,28715,0.876312
4.665,28504,0.869873
4.67,28205,0.860748
4.675,27979,0.853851
4.68,27667,0.84433
4.685,27426,0.836975
4.69,27102,0.827087
4.695,26847,0.819305
4.7,26510,0.809021
4.705,26241,0.800812
4.71,25892,0.790161
4.715,25609,0.781525
4.72,25248,0.770508
4.725,24952,0.761475
4.73,24580,0.750122
4.735,24271,0.740692
4.74,23887,0.728973
4.745,23564,0.719116
4.75,23170,0.707092
4.755,22835,0.696869
4.76,22431,0.68454
4.765,22084,0.67395
4.77,21670,0.661316
4.775,21311,0.65036
4.78,20887,0.637421
4.785,20517,0.626129
4.79,20084,0.612915
4.795,19703,0.601288
4.8,19261,0.587799
4.805,18868,0.575806
4.81,18418,0.562073
4.815,18016,0.549805
4.82,17558,0.535828
4.825,17145,0.523224
4.83,16680,0.509033
4.835,16258,0.496155
4.84,15786,0.48175
4.845,15355,0.468597
4.85,14876,0.453979
4.855,14436,0.440552
4.86,13952,0.425781
4.865,13504,0.412109
4.87,13014,0.397156
4.875,12558,0.38324
4.88,12063,0.368134
4.885,11599,0.353973
4.89,11100,0.338745
4.895,10629,0.324371
4.9,10126,0.309021
4.905,9649,0.294464
4.91,9142,0.278992
4.915,8659,0.264252
4.92,8149,0.248688
4.925,7660,0.233765
4.93,7148,0.21814
4.935,6654,0.203064
4.94,6140,0.187378
4.945,5642,0.17218
4.95,5126,0.156433
4.955,4624,0.141113
4.96,4107,0.125336
4.965,3601,0.109894
4.97,3084,0.0941162
4.975,2575,0.0785828
4.98,2058,0.0628052
4.985,1546,0.0471802
4.99,1029,0.0314026
4.995,515,0.0157166
5,0,0
5.005,-515,-0.0157166
5.01,-1029,-0.0314026
5.015,-1546,-0.0471802
5.02,-2058,-0.0628052
5.025,-2575,-0.0785828
5.03,-3084,-0.0941162
5.035,-3601,-0.109894
5.04,-4107,-0.125336
5.045,-4624,-0.141113
5.05,-5126,-0.156433
5.055,-5642,-0.17218
5.06,-6140,-0.187378
5.065,-6654,-0.203064
5.07,-7148,-0.21814
5.075,-7660,-0.233765
5.08,-8149,-0.248688
5.085,-8659,-0.264252
5.09,-9142,-0.278992
5.095,-9649,-0.294464
5.1,-10126,-0.309021
5.105,-10629,-0.324371
5.11,-11100,-0.338745
5.115,-11599,-0.353973
5.12,-12063,-0.368134
5.125,-12558,-0.38324
5.13,-13014,-0.397156
5.135,-13504,-0.412109
5.14,-13952,-0.425781
5.145,-14436,-0.440552
5.15,-14876,-0.453979
5.155,-15355,-0.468597
5.16,-15786,-0.48175
5.165,-16258,-0.496155
5.17,-16680,-0.509033
5.175,-17145,-0.523224
5.18,-17558,-0.535828
5.185,-18016,-0.549805
5.19,-18418,-0.562073
5.195,-18868,-0.575806
5.2,-19261,-0.587799
5.205,-19703,-0.601288
5.21,-20084,-0.612915
5.215,-20517,-0.626129
5.22,-20887,-0.637421
5.225,-21311,-0.65036
5.23,-21670,-0.661316
5.235,-22084,-0.67395
5.24,-22431,-0.68454
5.245,-22835,-0.696869
5.25,-23170,-0.707092
5.255,-23564,-0.719116
5.26,-23887,-0.728973
5.265,-24271,-0.740692
5.27,-24580,-0.750122
5.275,-24952,-0.761475
5.28,-25248,-0.770508
5.285,-25609,-0.781525
5.29,-25892,-0.790161
5.295,-26241,-0.800812
5.3,-26510,-0.809021
5.305,-26847,-0.819305
5.31,-27102,-0.827087
5.315,-27426,-0.836975
5.32,-27667,-0.84433
5.325,-27979,-0.853851
5.33,-28205,-0.860748
5.335,-28504,-0.869873
5.34,-28715,-0.876312
5.345,-29001,-0.88504
5.35,-29197,-0.891022
5.355,-29468,-0.899292
5.36,-29649,-0.904816
5.365,-29907,-0.912689
5.37,-30073,-0.917755
5.375,-30317,-0.925201
5.38,-30467,-0.929779
5.385,-30696,-0.936768
5.39,-30831,-0.940887
5.395,-31045,-0.947418
5.4,-31164,-0.95105
5.405,-31363,-0.957123
5.41,-31467,-0.960297
5.415,-31652,-0.965942
5.42,-31739,-0.968597
5.425,-31908,-0.973755
5.43,-31979,-0.975922
5.435,-32133,-0.980621
5.44,-32188,-0.9823
5.445,-32326,-0.986511
5.45,-32365,-0.987701
5.455,-32487,-0.991425
5.46,-32510,-0.992126
5.465,-32617,-0.995392
5.47,-32623,-0.995575
5.475,-32713,-0.998322
5.48,-32703,-0.998016
5.485,-32768,-1
5.49,-32752,-0.999512
5.495,-32768,-1
5.5,-32768,-1
5.505,-32768,-1
5.51,-32752,-0.999512
5.515,-32768,-1
5.52,-32703,-0.998016
5.525,-32713,-0.998322
5.53,-32623,-0.995575
5.535,-32617,-0.995392
5.54,-32510,-0.992126
5.545,-32487,-0.991425
5.55,-32365,-0.987701
5.555,-32326,-0.986511
5.56,-32188,-0.9823
5.565,-32133,-0.980621
5.57,-31979,-0.975922
5.575,-31908,-0.973755
5.58,-31739,-0.968597
5.585,-31652,-0.965942
5.59,-31467,-0.960297
5.595,-31363,-0.957123
5.6,-31164,-0.95105
5.605,-31045,-0.947418
5.61,-30831,-0.940887
5.615,-30696,-0.936768
5.62,-30467,-0.929779
5.625,-30317,-0.925201
5.63,-30073,-0.917755
5.635,-29907,-0.912689
5.64,-29649,-0.904816
5.645,-29468,-0.899292
5.65,-29197,-0.891022
5.655,-29001,-0.88504
5.66,-28715,-0.876312
5.665,-28504,-0.869873
5.67,-28205,-0.860748
5.675,-27979,-0.853851
5.68,-27667,-0.84433
5.685,-27426,-0.836975
5.69,-27102,-0.827087
5.695,-26847,-0.819305
5.7,-26510,-0.809021
5.705,-26241,-0.800812
5.71,-25892,-0.790161
5.715,-25609,-0.781525
5.72,-25248,-0.770508
5.725,-24952,-0.761475
5.73,-24580,-0.750122
5.735,-24271,-0.740692
5.74,-23887,-0.728973
5.745,-23564,-0.719116
5.75,-23170,-0.707092
5.755,-22835,-0.696869
5.76,-22431,-0.68454
5.765,-22084,-0.67395
5.77,-21670,-0.661316
5.775,-21311,-0.65036
5.78,-20887,-0.637421
5.785,-20517,-0.626129
5.79,-20084,-0.612915
5.795,-19703,-0.601288
5.8,-19261,-0.587799
5.805,-18868,-0.575806
5.81,-18418,-0.562073
5.815,-18016,-0.549805
5.82,-17558,-0.535828
5.825,-17145,-0.523224
5.83,-16680,-0.509033
5.835,-16258,-0.496155
5.84,-15786,-0.48175
5.845,-15355,-0.468597
5.85,-14876,-0.453979
5.855,-14436,-0.440552
5.86,-13952,-0.425781
5.865,-13504,-0.412109
5.87,-13014,-0.397156
5.875,-12558,-0.38324
5.88,-12063,-0.368134
5.885,-11599,-0.353973
5.89,-11100,-0.338745
5.895,-10629,-0.324371
5.9,-10126,-0.309021
5.905,-9649,-0.294464
5.91,-9142,-0.278992
5.915,-8659,-0.264252
5.92,-8149,-0.248688
5.925,-7660,-0.233765
5.93,-7148,-0.21814
5.935,-6654,-0.203064
5.94,-6140,-0.187378
5.945,-5642,-0.17218
5.95,-5126,-0.156433
5.955,-4624,-0.141113
5.96,-4107,-0.125336
5.965,-3601,-0.109894
5.97,-3084,-0.0941162
5.975,-2575,-0.0785828
5.98,-2058,-0.0628052
5.985,-1546,-0.0471802
5.99,-1029,-0.0314026
5.995,-515,-0.0157166
6,0,0
6.005,515,0.0157166
6.01,1029,0.0314026
6.015,1546,0.0471802
6.02,2058,0.0628052
6.025,2575,0.0785828
6.03,3084,0.0941162
6.035,3601,0.109894
6.04,4107,0.125336
6.045,4624,0.141113
6.05,5126,0.156433
6.055,5642,0.17218
6.06,6140,0.187378
6.065,6654,0.203064
6.07,7148,0.21814
6.075,7660,0.233765
6.08,8149,0.248688
6.085,8659,0.264252
6.09,9142,0.278992
6.095,9649,0.294464
6.1,10126,0.309021
6.105,10629,0.324371
6.11,11100,0.338745
6.115,11599,0.353973
6.12,12063,0.368134
6.125,12558,0.38324
6.13,13014,0.397156
6.135,13504,0.412109
6.14,13952,0.425781
6.145,14436,0.440552
6.15,14876,0.453979
6.155,15355,0.468597
6.16,15786,0.48175
6.165,16258,0.496155
6.17,16680,0.509033
6.175,17145,0.523224
6.18,17558,0.535828
6.185,18016,0.549805
6.19,18418,0.562073
6.195,18868,0.575806
6.2,19261,0.587799
6.205,19703,0.601288
6.21,20084,0.612915
6.215,20517,0.626129
6.22,20887,0.637421
6.225,21311,0.65036
6.23,21670,0.661316
6.235,22084,0.67395
6.24,22431,0.68454
6.245,22835,0.696869
6.25,23170,0.707092
6.255,23564,0.719116
6.26,23887,0.728973
6.265,24271,0.740692
6.27,24580,0.750122
6.275,24952,0.761475
6.28,25248,0.770508
6.285,25609,0.781525
6.29,25892,0.790161
6.295,26241,0.800812
6.3,26510,0.809021
6.305,26847,0.819305
6.31,27102,0.827087
6.315,27426,0.836975
6.32,27667,0.84433
6.325,27979,0.853851
6.33,28205,0.860748
6.335,28504,0.869873
6.34,28715,0.876312
6.345,29001,0.88504
6.35,29197,0.891022
6.355,29468,0.899292
6.36,29649,0.904816
6.365,29907,0.912689
6.37,30073,0.917755
6.375,30317,0.925201
6.38,30467,0.929779
6.385,30696,0.936768
6.39,30831,0.940887
6.395,31045,0.947418
6.4,31164,0.95105
6.405,31363,0.957123
6.41,31467,0.960297
6.415,31652,0.965942
6.42,31739,0.968597
6.425,31908,0.973755
6.43,31979,0.975922
6.435,32133,0.980621
6.44,32188,0.9823
6.445,32326,0.986511
6.45,32365,0.987701
6.455,32487,0.991425
6.46,32510,0.992126
6.465,32617,0.995392
6.47,32623,0.995575
6.475,32713,0.998322
6.48,32703,0.998016
6.485,32767,0.999969
6.49,32752,0.999512
6.495,32767,0.999969
6.5,32767,0.999969
6.505,32767,0.999969
6.51,32752,0.999512
6.515,32767,0.999969
6.52,32703,0.998016
6.525,32713,0.998322
6.53,32623,0.995575
6.535,32617,0.995392
6.54,32510,0.992126
6.545,32487,0.991425
6.55,32365,0.987701
6.555,32326,0.986511
6.56,32188,0.9823
6.565,32133,0.980621
6.57,31979,0.975922
6.575,31908,0.973755
6.58,31739,0.968597
6.585,31652,0.965942
6.59,31467,0.960297
6.595,31363,0.957123
6.6,31164,0.95105
6.605,31045,0.947418
6.61,30831,0.940887
6.615,30696,0.936768
6.62,30467,0.929779
6.625,30317,0.925201
6.63,30073,0.917755
6.635,29907,0.912689
6.64,29649,0.904816
6.645,29468,0.899292
6.65,29197,0.891022
6.655,29001,0.88504
6.66,28715,0.876312
6.665,28504,0.869873
6.67,28205,0.860748
6.675,27979,0.853851
6.68,27667,0.84433
6.685,27426,0.836975
6.69,27102,0.827087
6.695,26847,0.819305
6.7,26510,0.809021
6.705,26241,0.800812
6.71,25892,0.790161
6.715,25609,0.781525
6.72,25248,0.770508
6.725,24952,0.761475
6.73,24580,0.750122
6.735,24271,0.740692
6.74,23887,0.728973
6.745,23564,0.719116
6.75,23170,0.707092
6.755,22835,0.696869
6.76,22431,0.68454
6.765,22084,0.67395
6.77,21670,0.661316
6.775,21311,0.65036
6.78,20887,0.637421
6.785,20517,0.626129
6.79,20084,0.612915
6.795,19703,0.601288
6.8,19261,0.587799
6.805,18868,0.575806
6.81,18418,0.562073
6.815,18016,0.549805
6.82,17558,0.535828
6.825,17145,0.523224
6.83,16680,0.509033
6.835,16258,0.496155
6.84,15786,0.48175
6.845,15355,0.468597
6.85,14876,0.453979
6.855,14436,0.440552
6.86,13952,0.425781
6.865,13504,0.412109
6.87,13014,0.397156
6.875,12558,0.38324
6.88,12063,0.368134
6.885,11599,0.353973
6.89,11100,0.338745
6.895,10629,0.324371
6.9,10126,0.309021
6.905,9649,0.294464
6.91,9142,0.278992
6.915,8659,0.264252
6.92,8149,0.248688
6.925,7660,0.233765
6.93,7148,0.21814
6.935,6654,0.203064
6.94,6140,0.187378
6.945,5642,0.17218
6.95,5126,0.156433
6.955,4624,0.141113
6.96,4107,0.125336
6.965,3601,0.109894
6.97,3084,0.0941162
6.975,2575,0.0785828
6.98,2058,0.0628052
6.985,1546,0.0471802
6.99,1029,0.0314026
6.995,515,0.0157166
7,0,0
7.005,-515,-0.0157166
7.01,-1029,-0.0314026
7.015,-1546,-0.0471802
7.02,-2058,-0.0628052
7.025,-2575,-0.0785828
7.03,-3084,-0.0941162
7.035,-3601,-0.109894
7.04,-4107,-0.125336
7.045,-4624,-0.141113
7.05,-5126,-0.156433
7.055,-5642,-0.17218
7.06,-6140,-0.187378
7.065,-6654,-0.203064
7.07,-7148,-0.21814
7.075,-7660,-0.233765
7.08,-8149,-0.248688
7.085,-8659,-0.264252
7.09,-9142,-0.278992
7.095,-9649,-0.294464
7.1,-10126,-0.309021
7.105,-10629,-0.324371
7.11,-11100,-0.338745
7.115,-11599,-0.353973
7.12,-12063,-0.368134
7.125,-12558,-0.38324
7.13,-13014,-0.397156
7.135,-13504,-0.412109
7.14,-13952,-0.425781
7.145,-14436,-0.440552
7.15,-14876,-0.453979
7.155,-15355,-0.468597
7.16,-15786,-0.48175
7.165,-16258,-0.496155
7.17,-16680,-0.509033
7.175,-17145,-0.523224
7.18,-17558,-0.535828
7.185,-18016,-0.549805
7.19,-18418,-0.562073
7.195,-18868,-0.575806
7.2,-19261,-0.587799
7.205,-19703,-0.601288
7.21,-20084,-0.612915
7.215,-20517,-0.626129
7.22,-20887,-0.637421
7.225,-21311,-0.65036
7.23,-21670,-0.661316
7.235,-22084,-0.67395
7.24,-22431,-0.68454
7.245,-22835,-0.696869
7.25,-23170,-0.707092
7.255,-23564,-0.719116
7.26,-23887,-0.728973
7.265,-24271,-0.740692
7.27,-24580,-0.750122
7.275,-24952,-0.761475
7.28,-25248,-0.770508
7.285,-25609,-0.781525
7.29,-25892,-0.790161
7.295,-26241,-0.800812
7.3,-26510,-0.809021
7.305,-26847,-0.819305
7.31,-27102,-0.827087
7.315,-27426,-0.836975
7.32,-27667,-0.84433
7.325,-27979,-0.853851
7.33,-28205,-0.860748
7.335,-28504,-0.869873
7.34,-28715,-0.876312
7.345,-29001,-0.88504
7.35,-29197,-0.891022
7.355,-29468,-0.899292
7.36,-29649,-0.904816
7.365,-29907,-0.912689
7.37,-30073,-0.917755
7.375,-30317,-0.925201
7.38,-30467,-0.929779
7.385,-30696,-0.936768
7.39,-30831,-0.940887
7.395,-31045,-0.947418
7.4,-31164,-0.95105
7.405,-31363,-0.957123
7.41,-31467,-0.960297
7.415,-31652,-0.965942
7.42,-31739,-0.968597
7.425,-31908,-0.973755
7.43,-31979,-0.975922
7.435,-32133,-0.980621
7.44,-32188,-0.9823
7.445,-32326,-0.986511
7.45,-32365,-0.987701
7.455,-32487,-0.991425
7.46,-32510,-0.992126
7.465,-32617,-0.995392
7.47,-32623,-0.995575
7.475,-32713,-0.998322
7.48,-32703,-0.998016
7.485,-32768,-1
7.49,-32752,-0.999512
7.495,-32768,-1
7.5,-32768,-1
7.505,-32768,-1
7.51,-32752,-0.999512
7.515,-32768,-1
7.52,-32703,-0.998016
7.525,-32713,-0.998322
7.53,-32623,-0.995575
7.535,-32617,-0.995392
7.54,-32510,-0.992126
7.545,-32487,-0.991425
7.55,-32365,-0.987701
7.555,-32326,-0.986511
7.56,-32188,-0.9823
7.565,-32133,-0.980621
7.57,-31979,-0.975922
7.575,-31908,-0.973755
7.58,-31739,-0.968597
7.585,-31652,-0.965942
7.59,-31467,-0.960297
7.595,-31363,-0.957123
7.6,-31164,-0.95105
7.605,-31045,-0.947418
7.61,-30831,-0.940887
7.615,-30696,-0.936768
7.62,-30467,-0.929779
7.625,-30317,-0.925201
7.63,-30073,-0.917755
7.635,-29907,-0.912689
7.64,-29649,-0.904816
7.645,-29468,-0.899292
7.65,-29197,-0.891022
7.655,-29001,-0.88504
7.66,-28715,-0.876312
7.665,-28504,-0.869873
7.67,-28205,-0.860748
7.675,-27979,-0.853851
7.68,-27667,-0.84433
7.685,-27426,-0.836975
7.69,-27102,-0.827087
7.695,-26847,-0.819305
7.7,-26510,-0.809021
7.705,-26241,-0.800812
7.71,-25892,-0.790161
7.715,-25609,-0.781525
7.72,-25248,-0.770508
7.725,-24952,-0.761475
7.73,-24580,-0.750122
7.735,-24271,-0.740692
7.74,-23887,-0.728973
7.745,-23564,-0.719116
7.75,-23170,-0.707092
7.755,-22835,-0.696869
7.76,-22431,-0.68454
7.765,-22084,-0.67395
7.77,-21670,-0.661316
7.775,-21311,-0.65036
7.78,-20887,-0.637421
7.785,-20517,-0.626129
7.79,-20084,-0.612915
7.795,-19703,-0.601288
7.8,-19261,-0.587799
7.805,-18868,-0.575806
7.81,-18418,-0.562073
7.815,-18016,-0.549805
7.82,-17558,-0.535828
7.825,-17145,-0.523224
7.83,-16680,-0.509033
7.835,-16258,-0.496155
7.84,-15786,-0.48175
7.845,-15355,-0.468597
7.85,-14876,-0.453979
7.855,-14436,-0.440552
7.86,-13952,-0.425781
7.865,-13504,-0.412109
7.87,-13014,-0.397156
7.875,-12558,-0.38324
7.88,-12063,-0.368134
7.885,-11599,-0.353973
7.89,-11100,-0.338745
7.895,-10629,-0.324371
7.9,-10126,-0.309021
7.905,-9649,-0.294464
7.91,-9142,-0.278992
7.915,-8659,-0.264252
7.92,-8149,-0.248688
7.925,-7660,-0.233765
7.93,-7148,-0.21814
7.935,-6654,-0.203064
7.94,-6140,-0.187378
7.945,-5642,-0.17218
7.95,-5126,-0.156433
7.955,-4624,-0.141113
7.96,-4107,-0.125336
7.965,-3601,-0.109894
7.97,-3084,-0.0941162
7.975,-2575,-0.0785828
7.98,-2058,-0.0628052
7.985,-1546,-0.0471802
7.99,-1029,-0.0314026
7.995,-515,-0.0157166
8,0,0
8.005,515,0.0157166
8.01,1029,0.0314026
8.015,1546,0.0471802
8.02,2058,0.0628052
8.025,2575,0.0785828
8.03,3084,0.0941162
8.035,3601,0.109894
8.04,4107,0.125336
8.045,4624,0.141113
8.05,5126,0.156433
8.055,5642,0.17218
8.06,6140,0.187378
8.065,6654,0.203064
8.07,7148,0.21814
8.075,7660,0.233765
8.08,8149,0.248688
8.085,8659,0.264252
8.09,9142,0.278992
8.095,9649,0.294464
8.1,10126,0.309021
8.105,10629,0.324371
8.11,11100,0.338745
8.115,11599,0.353973
8.12,12063,0.368134
8.125,12558,0.38324
8.13,13014,0.397156
8.135,13504,0.412109
8.14,13952,0.425781
8.145,14436,0.440552
8.15,14876,0.453979
8.155,15355,0.468597
8.16,15786,0.48175
8.165,16258,0.496155
8.17,16680,0.509033
8.175,17145,0.523224
8.18,17558,0.535828
8.185,18016,0.549805
8.19,18418,0.562073
8.195,18868,0.575806
8.2,19261,0.587799
8.205,19703,0.601288
8.21,20084,0.612915
8.215,20517,0.626129
8.22,20887,0.637421
8.225,21311,0.65036
8.23,21670,0.661316
8.235,22084,0.67395
8.24,22431,0.68454
8.245,22835,0.696869
8.25,23170,0.707092
8.255,23564,0.719116
8.26,23887,0.728973
8.265,24271,0.740692
8.27,24580,0.750122
8.275,24952,0.761475
8.28,25248,0.770508
8.285,25609,0.781525
8.29,25892,0.790161
8.295,26241,0.800812
8.3,26510,0.809021
8.305,26847,0.819305
8.31,27102,0.827087
8.315,27426,0.836975
8.32,27667,0.84433
8.325,27979,0.853851
8.33,28205,0.860748
8.335,28504,0.869873
8.34,28715,0.876312
8.345,29001,0.88504
8.35,29197,0.891022
8.355,29468,0.899292
8.36,29649,0.904816
8.365,29907,0.912689
8.37,30073,0.917755
8.375,30317,0.925201
8.38,30467,0.929779
8.385,30696,0.936768
8.39,30831,0.940887
8.395,31045,0.947418
8.4,31164,0.95105
8.405,31363,0.957123
8.41,31467,0.960297
8.415,31652,0.965942
8.42,31739,0.968597
8.425,31908,0.973755
8.43,31979,0.975922
8.435,32133,0.980621
8.44,32188,0.9823
8.445,32326,0.986511
8.45,32365,0.987701
8.455,32487,0.991425
8.46,32510,0.992126
8.465,32617,0.995392
8.47,32623,0.995575
8.475,32713,0.998322
8.48,32703,0.998016
8.485,32767,0.999969
8.49,32752,0.999512
8.495,32767,0.999969
8.5,32767,0.999969
8.505,32767,0.999969
8.51,32752,0.999512
8.515,32767,0.999969
8.52,32703,0.998016
8.525,32713,0.998322
8.53,32623,0.995575
8.535,32617,0.995392
8.54,32510,0.992126
8.545,32487,0.991425
8.55,32365,0.987701
8.555,32326,0.986511
8.56,32188,0.9823
8.565,32133,0.980621
8.57,31979,0.975922
8.575,31908,0.973755
8.58,31739,0.968597
8.585,31652,0.965942
8.59,31467,0.960297
8.595,31363,0.957123
8.6,31164,0.95105
8.605,31045,0.947418
8.61,30831,0.940887
8.615,30696,0.936768
8.62,30467,0.929779
8.625,30317,0.925201
8.63,30073,0.917755
8.635,29907,0.912689
8.64,29649,0.904816
8.645,29468,0.899292
8.65,29197,0.891022
8.655,29001,0.88504
8.66,28715,0.876312
8.665,28504,0.869873
8.67,28205,0.860748
8.675,27979,0.853851
8.68,27667,0.84433
8.685,27426,0.836975
8.69,27102,0.827087
8.695,26847,0.819305
8.7,26510,0.809021
8.705,26241,0.800812
8.71,25892,0.790161
8.715,25609,0.781525
8.72,25248,0.770508
8.725,24952,0.761475
8.73,24580,0.750122
8.735,24271,0.740692
8.74,23887,0.728973
8.745,23564,0.719116
8.75,23170,0.707092
8.755,22835,0.696869
8.76,22431,0.68454
8.765,22084,0.67395
8.77,21670,0.661316
8.775,21311,0.65036
8.78,20887,0.637421
8.785,20517,0.626129
8.79,20084,0.612915
8.795,19703,0.601288
8.8,19261,0.587799
8.805,18868,0.575806
8.81,18418,0.562073
8.815,18016,0.549805
8.82,17558,0.535828
8.825,17145,0.523224
8.83,16680,0.509033
8.835,16258,0.496155
8.84,15786,0.48175
8.845,15355,0.468597
8.85,14876,0.453979
8.855,14436,0.440552
8.86,13952,0.425781
8.865,13504,0.412109
8.87,13014,0.397156
8.875,12558,0.38324
8.88,12063,0.368134
8.885,11599,0.353973
8.89,11100,0.338745
8.895,10629,0.324371
8.9,10126,0.309021
8.905,9649,0.294464
8.91,9142,0.278992
8.915,8659,0.264252
8.92,8149,0.248688
8.925,7660,0.233765
8.93,7148,0.21814
8.935,6654,0.203064
8.94,6140,0.187378
8.945,5642,0.17218
8.95,5126,0.156433
8.955,4624,0.141113
8.96,4107,0.125336
8.965,3601,0.109894
8.97,3084,0.0941162
8.975,2575,0.0785828
8.98,2058,0.0628052
8.985,1546,0.0471802
8.99,1029,0.0314026
8.995,515,0.0157166
9,0,0
9.005,-515,-0.0157166
9.01,-1029,-0.0314026
9.015,-1546,-0.0471802
9.02,-2058,-0.0628052
9.025,-2575,-0.0785828
9.03,-3084,-0.0941162
9.035,-3601,-0.109894
9.04,-4107,-0.125336
9.045,-4624,-0.141113
9.05,-5126,-0.156433
9.055,-5642,-0.17218
9.06,-6140,-0.187378
9.065,-6654,-0.203064
9.07,-7148,-0.21814
9.075,-7660,-0.233765
9.08,-8149,-0.248688
9.085,-8659,-0.264252
9.09,-9142,-0.278992
9.095,-9649,-0.294464
9.1,-10126,-0.309021
9.105,-10629,-0.324371
9.11,-11100,-0.338745
9.115,-11599,-0.353973
9.12,-12063,-0.368134
9.125,-12558,-0.38324
9.13,-13014,-0.397156
9.135,-13504,-0.412109
9.14,-13952,-0.425781
9.145,-14436,-0.440552
9.15,-14876,-0.453979
9.155,-15355,-0.468597
9.16,-15786,-0.48175
9.165,-16258,-0.496155
9.17,-16680,-0.509033
9.175,-17145,-0.523224
9.18,-17558,-0.535828
9.185,-18016,-0.549805
9.19,-18418,-0.562073
9.195,-18868,-0.575806
9.2,-19261,-0.587799
9.205,-19703,-0.601288
9.21,-20084,-0.612915
9.215,-20517,-0.626129
9.22,-20887,-0.637421
9.225,-21311,-0.65036
9.23,-21670,-0.661316
9.235,-22084,-0.67395
9.24,-22431,-0.68454
9.245,-22835,-0.696869
9.25,-23170,-0.707092
9.255,-23564,-0.719116
9.26,-23887,-0.728973
9.265,-24271,-0.740692
9.27,-24580,-0.750122
9.275,-24952,-0.761475
9.28,-25248,-0.770508
9.285,-25609,-0.781525
9.29,-25892,-0.790161
9.295,-26241,-0.800812
9.3,-26510,-0.809021
9.305,-26847,-0.819305
9.31,-27102,-0.827087
9.315,-27426,-0.836975
9.32,-27667,-0.84433
9.325,-27979,-0.853851
9.33,-28205,-0.860748
9.335,-28504,-0.869873
9.34,-28715,-0.876312
9.345,-29001,-0.88504
9.35,-29197,-0.891022
9.355,-29468,-0.899292
9.36,-29649,-0.904816
9.365,-29907,-0.912689
9.37,-30073,-0.917755
9.375,-30317,-0.925201
9.38,-30467,-0.929779
9.385,-30696,-0.936768
9.39,-30831,-0.940887
9.395,-31045,-0.947418
9.4,-31164,-0.95105
9.405,-31363,-0.957123
9.41,-31467,-0.960297
9.415,-31652,-0.965942
9.42,-31739,-0.968597
9.425,-31908,-0.973755
9.43,-31979,-0.975922
9.435,-32133,-0.980621
9.44,-32188,-0.9823
9.445,-32326,-0.986511
9.45,-32365,-0.987701
9.455,-32487,-0.991425
9.46,-32510,-0.992126
9.465,-32617,-0.995392
9.47,-32623,-0.995575
9.475,-32713,-0.998322
9.48,-32703,-0.998016
9.485,-32768,-1
9.49,-32752,-0.999512
9.495,-32768,-1
9.5,-32768,-1
9.505,-32768,-1
9.51,-32752,-0.999512
9.515,-32768,-1
9.52,-32703,-0.998016
9.525,-32713,-0.998322
9.53,-32623,-0.995575
9.535,-32617,-0.995392
9.54,-32510,-0.992126
9.545,-32487,-0.991425
9.55,-32365,-0.987701
9.555,-32326,-0.986511
9.56,-32188,-0.9823
9.565,-32133,-0.980621
9.57,-31979,-0.975922
9.575,-31908,-0.973755
9.58,-31739,-0.968597
9.585,-31652,-0.965942
9.59,-31467,-0.960297
9.595,-31363,-0.957123
9.6,-31164,-0.95105
9.605,-31045,-0.947418
9.61,-30831,-0.940887
9.615,-30696,-0.936768
9.62,-30467,-0.929779
9.625,-30317,-0.925201
9.63,-30073,-0.917755
9.635,-29907,-0.912689
9.64,-29649,-0.904816
9.645,-29468,-0.899292
9.65,-29197,-0.891022
9.655,-29001,-0.88504
9.66,-28715,-0.876312
9.665,-28504,-0.869873
9.67,-28205,-0.860748
9.675,-27979,-0.853851
9.68,-27667,-0.84433
9.685,-27426,-0.836975
9.69,-27102,-0.827087
9.695,-26847,-0.819305
9.7,-26510,-0.809021
9.705,-26241,-0.800812
9.71,-25892,-0.790161
9.715,-25609,-0.781525
9.72,-25248,-0.770508
9.725,-24952,-0.761475
9.73,-24580,-0.750122
9.735,-24271,-0.740692
9.74,-23887,-0.728973
9.745,-23564,-0.719116
9.75,-23170,-0.707092
9.755,-22835,-0.696869
9.76,-22431,-0.68454
9.765,-22084,-0.67395
9.77,-21670,-0.661316
9.775,-21311,-0.65036
9.78,-20887,-0.637421
9.785,-20517,-0.626129
9.79,-20084,-0.612915
9.795,-19703,-0.601288
9.8,-19261,-0.587799
9.805,-18868,-0.575806
9.81,-18418,-0.562073
9.815,-18016,-0.549805
9.82,-17558,-0.535828
9.825,-17145,-0.523224
9.83,-16680,-0.509033
9.835,-16258,-0.496155
9.84,-15786,-0.48175
9.845,-15355,-0.468597
9.85,-14876,-0.453979
9.855,-14436,-0.440552
9.86,-13952,-0.425781
9.865,-13506,-0.41217
9.87,-13014,-0.397156
9.875,-12559,-0.38327
9.88,-12063,-0.368134
9.885,-11604,-0.354126
9.89,-11100,-0.338745
9.895,-10631,-0.324432
9.9,-10126,-0.309021
9.905,-9656,-0.294678
9.91,-9142,-0.278992
9.915,-8660,-0.264282
9.92,-8149,-0.248688
9.925,-7672,-0.234131
9.93,-7148,-0.21814
9.935,-6653,-0.203033
9.94,-6140,-0.187378
9.945,-5660,-0.172729
9.95,-5126,-0.156433
9.955,-4618,-0.14093
9.96,-4107,-0.125336
9.965,-3630,-0.110779
9.97,-3084,-0.0941162
9.975,-2557,-0.0780334
9.98,-2058,-0.0628052
9.985,-1603,-0.0489197
9.99,-1029,-0.0314026
9.995,-434,-0.0132446
