t,x
0,7.72265e-18
0.005,0.0132505
0.01,0.0314108
0.015,0.0489141
0.02,0.0627905
0.025,0.0780138
0.03,0.0941083
0.035,0.110789
0.04,0.125333
0.045,0.140937
0.05,0.156434
0.055,0.172745
0.06,0.187381
0.065,0.203062
0.07,0.218143
0.075,0.234155
0.08,0.24869
0.085,0.264298
0.09,0.278991
0.095,0.294703
0.1,0.309017
0.105,0.324445
0.11,0.338738
0.115,0.354124
0.12,0.368125
0.125,0.383281
0.13,0.397148
0.135,0.412173
0.14,0.425779
0.145,0.440583
0.15,0.45399
0.155,0.468614
0.16,0.481754
0.165,0.496184
0.17,0.509041
0.175,0.523263
0.18,0.535827
0.185,0.549826
0.19,0.562083
0.195,0.575847
0.2,0.587785
0.205,0.601299
0.21,0.612907
0.215,0.626157
0.22,0.637424
0.225,0.650398
0.23,0.661312
0.235,0.673997
0.24,0.684547
0.245,0.696931
0.25,0.707107
0.255,0.719177
0.26,0.728969
0.265,0.740713
0.27,0.750111
0.275,0.761519
0.28,0.770513
0.285,0.781572
0.29,0.790155
0.295,0.800855
0.3,0.809017
0.305,0.819347
0.31,0.827081
0.315,0.83703
0.32,0.844328
0.325,0.853888
0.33,0.860742
0.335,0.869902
0.34,0.876307
0.345,0.885059
0.35,0.891007
0.355,0.899341
0.36,0.904827
0.365,0.912737
0.37,0.917755
0.375,0.925231
0.38,0.929776
0.385,0.936813
0.39,0.940881
0.395,0.94747
0.4,0.951057
0.405,0.957191
0.41,0.960294
0.415,0.965969
0.42,0.968583
0.425,0.973793
0.43,0.975917
0.435,0.980656
0.44,0.982287
0.445,0.986551
0.45,0.987688
0.455,0.991472
0.46,0.992115
0.465,0.995415
0.47,0.995562
0.475,0.998376
0.48,0.998027
0.485,1.00035
0.49,0.999507
0.495,1.00134
0.5,1
0.505,1.00134
0.51,0.999507
0.515,1.00035
0.52,0.998027
0.525,0.998376
0.53,0.995562
0.535,0.995415
0.54,0.992115
0.545,0.991472
0.55,0.987688
0.555,0.986551
0.56,0.982287
0.565,0.980656
0.57,0.975917
0.575,0.973793
0.58,0.968583
0.585,0.965969
0.59,0.960294
0.595,0.957191
0.6,0.951057
0.605,0.94747
0.61,0.940881
0.615,0.936813
0.62,0.929776
0.625,0.925231
0.63,0.917755
0.635,0.912737
0.64,0.904827
0.645,0.899341
0.65,0.891007
0.655,0.885059
0.66,0.876307
0.665,0.869902
0.67,0.860742
0.675,0.853888
0.68,0.844328
0.685,0.83703
0.69,0.827081
0.695,0.819347
0.7,0.809017
0.705,0.800855
0.71,0.790155
0.715,0.781572
0.72,0.770513
0.725,0.761519
0.73,0.750111
0.735,0.740713
0.74,0.728969
0.745,0.719177
0.75,0.707107
0.755,0.696931
0.76,0.684547
0.765,0.673997
0.77,0.661312
0.775,0.650398
0.78,0.637424
0.785,0.626157
0.79,0.612907
0.795,0.601299
0.8,0.587785
0.805,0.575847
0.81,0.562083
0.815,0.549826
0.82,0.535827
0.825,0.523263
0.83,0.509041
0.835,0.496184
0.84,0.481754
0.845,0.468614
0.85,0.45399
0.855,0.440583
0.86,0.425779
0.865,0.412116
0.87,0.397148
0.875,0.383243
0.88,0.368125
0.885,0.353992
0.89,0.338738
0.895,0.324391
0.9,0.309017
0.905,0.294471
0.91,0.278991
0.915,0.264259
0.92,0.24869
0.925,0.233787
0.93,0.218143
0.935,0.203084
0.94,0.187381
0.945,0.172181
0.95,0.156434
0.955,0.141107
0.96,0.125333
0.965,0.109895
0.97,0.0941083
0.975,0.0785739
0.98,0.0627905
0.985,0.0471754
0.99,0.0314108
0.995,0.0157303
1,1.22465e-16
1.005,-0.0157303
1.01,-0.0314108
1.015,-0.0471754
1.02,-0.0627905
1.025,-0.0785739
1.03,-0.0941083
1.035,-0.109895
1.04,-0.125333
1.045,-0.141107
1.05,-0.156434
1.055,-0.172181
1.06,-0.187381
1.065,-0.203084
1.07,-0.218143
1.075,-0.233787
1.08,-0.24869
1.085,-0.264259
1.09,-0.278991
1.095,-0.294471
1.1,-0.309017
1.105,-0.324391
1.11,-0.338738
1.115,-0.353992
1.12,-0.368125
1.125,-0.383243
1.13,-0.397148
1.135,-0.412116
1.14,-0.425779
1.145,-0.440583
1.15,-0.45399
1.155,-0.468614
1.16,-0.481754
1.165,-0.496184
1.17,-0.509041
1.175,-0.523263
1.18,-0.535827
1.185,-0.549826
1.19,-0.562083
1.195,-0.575847
1.2,-0.587785
1.205,-0.601299
1.21,-0.612907
1.215,-0.626157
1.22,-0.637424
1.225,-0.650398
1.23,-0.661312
1.235,-0.673997
1.24,-0.684547
1.245,-0.696931
1.25,-0.707107
1.255,-0.719177
1.26,-0.728969
1.265,-0.740713
1.27,-0.750111
1.275,-0.761519
1.28,-0.770513
1.285,-0.781572
1.29,-0.790155
1.295,-0.800855
1.3,-0.809017
1.305,-0.819347
1.31,-0.827081
1.315,-0.83703
1.32,-0.844328
1.325,-0.853888
1.33,-0.860742
1.335,-0.869902
1.34,-0.876307
1.345,-0.885059
1.35,-0.891007
1.355,-0.899341
1.36,-0.904827
1.365,-0.912737
1.37,-0.917755
1.375,-0.925231
1.38,-0.929776
1.385,-0.936813
1.39,-0.940881
1.395,-0.94747
1.4,-0.951057
1.405,-0.957191
1.41,-0.960294
1.415,-0.965969
1.42,-0.968583
1.425,-0.973793
1.43,-0.975917
1.435,-0.980656
1.44,-0.982287
1.445,-0.986551
1.45,-0.987688
1.455,-0.991472
1.46,-0.992115
1.465,-0.995415
1.47,-0.995562
1.475,-0.998376
1.48,-0.998027
1.485,-1.00035
1.49,-0.999507
1.495,-1.00134
1.5,-1
1.505,-1.00134
1.51,-0.999507
1.515,-1.00035
1.52,-0.998027
1.525,-0.998376
1.53,-0.995562
1.535,-0.995415
1.54,-0.992115
1.545,-0.991472
1.55,-0.987688
1.555,-0.986551
1.56,-0.982287
1.565,-0.980656
1.57,-0.975917
1.575,-0.973793
1.58,-0.968583
1.585,-0.965969
1.59,-0.960294
1.595,-0.957191
1.6,-0.951057
1.605,-0.94747
1.61,-0.940881
1.615,-0.936813
1.62,-0.929776
1.625,-0.925231
1.63,-0.917755
1.635,-0.912737
1.64,-0.904827
1.645,-0.899341
1.65,-0.891007
1.655,-0.885059
1.66,-0.876307
1.665,-0.869902
1.67,-0.860742
1.675,-0.853888
1.68,-0.844328
1.685,-0.83703
1.69,-0.827081
1.695,-0.819347
1.7,-0.809017
1.705,-0.800855
1.71,-0.790155
1.715,-0.781572
1.72,-0.770513
1.725,-0.761519
1.73,-0.750111
1.735,-0.740713
1.74,-0.728969
1.745,-0.719177
1.75,-0.707107
1.755,-0.696931
1.76,-0.684547
1.765,-0.673997
1.77,-0.661312
1.775,-0.650398
1.78,-0.637424
1.785,-0.626157
1.79,-0.612907
1.795,-0.601299
1.8,-0.587785
1.805,-0.575847
1.81,-0.562083
1.815,-0.549826
1.82,-0.535827
1.825,-0.523263
1.83,-0.509041
1.835,-0.496184
1.84,-0.481754
1.845,-0.468614
1.85,-0.45399
1.855,-0.440583
1.86,-0.425779
1.865,-0.412116
1.87,-0.397148
1.875,-0.383243
1.88,-0.368125
1.885,-0.353992
1.89,-0.338738
1.895,-0.324391
1.9,-0.309017
1.905,-0.294471
1.91,-0.278991
1.915,-0.264259
1.92,-0.24869
1.925,-0.233787
1.93,-0.218143
1.935,-0.203084
1.94,-0.187381
1.945,-0.172181
1.95,-0.156434
1.955,-0.141107
1.96,-0.125333
1.965,-0.109895
1.97,-0.0941083
1.975,-0.0785739
1.98,-0.0627905
1.985,-0.0471754
1.99,-0.0314108
1.995,-0.0157303
2,-2.44929e-16
2.005,0.0157303
2.01,0.0314108
2.015,0.0471754
2.02,0.0627905
2.025,0.0785739
2.03,0.0941083
2.035,0.109895
2.04,0.125333
2.045,0.141107
2.05,0.156434
2.055,0.172181
2.06,0.187381
2.065,0.203084
2.07,0.218143
2.075,0.233787
2.08,0.24869
2.085,0.264259
2.09,0.278991
2.095,0.294471
2.1,0.309017
2.105,0.324391
2.11,0.338738
2.115,0.353992
2.12,0.368125
2.125,0.383243
2.13,0.397148
2.135,0.412116
2.14,0.425779
2.145,0.440583
2.15,0.45399
2.155,0.468614
2.16,0.481754
2.165,0.496184
2.17,0.509041
2.175,0.523263
2.18,0.535827
2.185,0.549826
2.19,0.562083
2.195,0.575847
2.2,0.587785
2.205,0.601299
2.21,0.612907
2.215,0.626157
2.22,0.637424
2.225,0.650398
2.23,0.661312
2.235,0.673997
2.24,0.684547
2.245,0.696931
2.25,0.707107
2.255,0.719177
2.26,0.728969
2.265,0.740713
2.27,0.750111
2.275,0.761519
2.28,0.770513
2.285,0.781572
2.29,0.790155
2.295,0.800855
2.3,0.809017
2.305,0.819347
2.31,0.827081
2.315,0.83703
2.32,0.844328
2.325,0.853888
2.33,0.860742
2.335,0.869902
2.34,0.876307
2.345,0.885059
2.35,0.891007
2.355,0.899341
2.36,0.904827
2.365,0.912737
2.37,0.917755
2.375,0.925231
2.38,0.929776
2.385,0.936813
2.39,0.940881
2.395,0.94747
2.4,0.951057
2.405,0.957191
2.41,0.960294
2.415,0.965969
2.42,0.968583
2.425,0.973793
2.43,0.975917
2.435,0.980656
2.44,0.982287
2.445,0.986551
2.45,0.987688
2.455,0.991472
2.46,0.992115
2.465,0.995415
2.47,0.995562
2.475,0.998376
2.48,0.998027
2.485,1.00035
2.49,0.999507
2.495,1.00134
2.5,1
2.505,1.00134
2.51,0.999507
2.515,1.00035
2.52,0.998027
2.525,0.998376
2.53,0.995562
2.535,0.995415
2.54,0.992115
2.545,0.991472
2.55,0.987688
2.555,0.986551
2.56,0.982287
2.565,0.980656
2.57,0.975917
2.575,0.973793
2.58,0.968583
2.585,0.965969
2.59,0.960294
2.595,0.957191
2.6,0.951057
2.605,0.94747
2.61,0.940881
2.615,0.936813
2.62,0.929776
2.625,0.925231
2.63,0.917755
2.635,0.912737
2.64,0.904827
2.645,0.899341
2.65,0.891007
2.655,0.885059
2.66,0.876307
2.665,0.869902
2.67,0.860742
2.675,0.853888
2.68,0.844328
2.685,0.83703
2.69,0.827081
2.695,0.819347
2.7,0.809017
2.705,0.800855
2.71,0.790155
2.715,0.781572
2.72,0.770513
2.725,0.761519
2.73,0.750111
2.735,0.740713
2.74,0.728969
2.745,0.719177
2.75,0.707107
2.755,0.696931
2.76,0.684547
2.765,0.673997
2.77,0.661312
2.775,0.650398
2.78,0.637424
2.785,0.626157
2.79,0.612907
2.795,0.601299
2.8,0.587785
2.805,0.575847
2.81,0.562083
2.815,0.549826
2.82,0.535827
2.825,0.523263
2.83,0.509041
2.835,0.496184
2.84,0.481754
2.845,0.468614
2.85,0.45399
2.855,0.440583
2.86,0.425779
2.865,0.412116
2.87,0.397148
2.875,0.383243
2.88,0.368125
2.885,0.353992
2.89,0.338738
2.895,0.324391
2.9,0.309017
2.905,0.294471
2.91,0.278991
2.915,0.264259
2.92,0.24869
2.925,0.233787
2.93,0.218143
2.935,0.203084
2.94,0.187381
2.945,0.172181
2.95,0.156434
2.955,0.141107
2.96,0.125333
2.965,0.109895
2.97,0.0941083
2.975,0.0785739
2.98,0.0627905
2.985,0.0471754
2.99,0.0314108
2.995,0.0157303
3,3.67394e-16
3.005,-0.0157303
3.01,-0.0314108
3.015,-0.0471754
3.02,-0.0627905
3.025,-0.0785739
3.03,-0.0941083
3.035,-0.109895
3.04,-0.125333
3.045,-0.141107
3.05,-0.156434
3.055,-0.172181
3.06,-0.187381
3.065,-0.203084
3.07,-0.218143
3.075,-0.233787
3.08,-0.24869
3.085,-0.264259
3.09,-0.278991
3.095,-0.294471
3.1,-0.309017
3.105,-0.324391
3.11,-0.338738
3.115,-0.353992
3.12,-0.368125
3.125,-0.383243
3.13,-0.397148
3.135,-0.412116
3.14,-0.425779
3.145,-0.440583
3.15,-0.45399
3.155,-0.468614
3.16,-0.481754
3.165,-0.496184
3.17,-0.509041
3.175,-0.523263
3.18,-0.535827
3.185,-0.549826
3.19,-0.562083
3.195,-0.575847
3.2,-0.587785
3.205,-0.601299
3.21,-0.612907
3.215,-0.626157
3.22,-0.637424
3.225,-0.650398
3.23,-0.661312
3.235,-0.673997
3.24,-0.684547
3.245,-0.696931
3.25,-0.707107
3.255,-0.719177
3.26,-0.728969
3.265,-0.740713
3.27,-0.750111
3.275,-0.761519
3.28,-0.770513
3.285,-0.781572
3.29,-0.790155
3.295,-0.800855
3.3,-0.809017
3.305,-0.819347
3.31,-0.827081
3.315,-0.83703
3.32,-0.844328
3.325,-0.853888
3.33,-0.860742
3.335,-0.869902
3.34,-0.876307
3.345,-0.885059
3.35,-0.891007
3.355,-0.899341
3.36,-0.904827
3.365,-0.912737
3.37,-0.917755
3.375,-0.925231
3.38,-0.929776
3.385,-0.936813
3.39,-0.940881
3.395,-0.94747
3.4,-0.951057
3.405,-0.957191
3.41,-0.960294
3.415,-0.965969
3.42,-0.968583
3.425,-0.973793
3.43,-0.975917
3.435,-0.980656
3.44,-0.982287
3.445,-0.986551
3.45,-0.987688
3.455,-0.991472
3.46,-0.992115
3.465,-0.995415
3.47,-0.995562
3.475,-0.998376
3.48,-0.998027
3.485,-1.00035
3.49,-0.999507
3.495,-1.00134
3.5,-1
3.505,-1.00134
3.51,-0.999507
3.515,-1.00035
3.52,-0.998027
3.525,-0.998376
3.53,-0.995562
3.535,-0.995415
3.54,-0.992115
3.545,-0.991472
3.55,-0.987688
3.555,-0.986551
3.56,-0.982287
3.565,-0.980656
3.57,-0.975917
3.575,-0.973793
3.58,-0.968583
3.585,-0.965969
3.59,-0.960294
3.595,-0.957191
3.6,-0.951057
3.605,-0.94747
3.61,-0.940881
3.615,-0.936813
3.62,-0.929776
3.625,-0.925231
3.63,-0.917755
3.635,-0.912737
3.64,-0.904827
3.645,-0.899341
3.65,-0.891007
3.655,-0.885059
3.66,-0.876307
3.665,-0.869902
3.67,-0.860742
3.675,-0.853888
3.68,-0.844328
3.685,-0.83703
3.69,-0.827081
3.695,-0.819347
3.7,-0.809017
3.705,-0.800855
3.71,-0.790155
3.715,-0.781572
3.72,-0.770513
3.725,-0.761519
3.73,-0.750111
3.735,-0.740713
3.74,-0.728969
3.745,-0.719177
3.75,-0.707107
3.755,-0.696931
3.76,-0.684547
3.765,-0.673997
3.77,-0.661312
3.775,-0.650398
3.78,-0.637424
3.785,-0.626157
3.79,-0.612907
3.795,-0.601299
3.8,-0.587785
3.805,-0.575847
3.81,-0.562083
3.815,-0.549826
3.82,-0.535827
3.825,-0.523263
3.83,-0.509041
3.835,-0.496184
3.84,-0.481754
3.845,-0.468614
3.85,-0.45399
3.855,-0.440583
3.86,-0.425779
3.865,-0.412116
3.87,-0.397148
3.875,-0.383243
3.88,-0.368125
3.885,-0.353992
3.89,-0.338738
3.895,-0.324391
3.9,-0.309017
3.905,-0.294471
3.91,-0.278991
3.915,-0.264259
3.92,-0.24869
3.925,-0.233787
3.93,-0.218143
3.935,-0.203084
3.94,-0.187381
3.945,-0.172181
3.95,-0.156434
3.955,-0.141107
3.96,-0.125333
3.965,-0.109895
3.97,-0.0941083
3.975,-0.0785739
3.98,-0.0627905
3.985,-0.0471754
3.99,-0.0314108
3.995,-0.0157303
4,-4.89859e-16
4.005,0.0157303
4.01,0.0314108
4.015,0.0471754
4.02,0.0627905
4.025,0.0785739
4.03,0.0941083
4.035,0.109895
4.04,0.125333
4.045,0.141107
4.05,0.156434
4.055,0.172181
4.06,0.187381
4.065,0.203084
4.07,0.218143
4.075,0.233787
4.08,0.24869
4.085,0.264259
4.09,0.278991
4.095,0.294471
4.1,0.309017
4.105,0.324391
4.11,0.338738
4.115,0.353992
4.12,0.368125
4.125,0.383243
4.13,0.397148
4.135,0.412116
4.14,0.425779
4.145,0.440583
4.15,0.45399
4.155,0.468614
4.16,0.481754
4.165,0.496184
4.17,0.509041
4.175,0.523263
4.18,0.535827
4.185,0.549826
4.19,0.562083
4.195,0.575847
4.2,0.587785
4.205,0.601299
4.21,0.612907
4.215,0.626157
4.22,0.637424
4.225,0.650398
4.23,0.661312
4.235,0.673997
4.24,0.684547
4.245,0.696931
4.25,0.707107
4.255,0.719177
4.26,0.728969
4.265,0.740713
4.27,0.750111
4.275,0.761519
4.28,0.770513
4.285,0.781572
4.29,0.790155
4.295,0.800855
4.3,0.809017
4.305,0.819347
4.31,0.827081
4.315,0.83703
4.32,0.844328
4.325,0.853888
4.33,0.860742
4.335,0.869902
4.34,0.876307
4.345,0.885059
4.35,0.891007
4.355,0.899341
4.36,0.904827
4.365,0.912737
4.37,0.917755
4.375,0.925231
4.38,0.929776
4.385,0.936813
4.39,0.940881
4.395,0.94747
4.4,0.951057
4.405,0.957191
4.41,0.960294
4.415,0.965969
4.42,0.968583
4.425,0.973793
4.43,0.975917
4.435,0.980656
4.44,0.982287
4.445,0.986551
4.45,0.987688
4.455,0.991472
4.46,0.992115
4.465,0.995415
4.47,0.995562
4.475,0.998376
4.48,0.998027
4.485,1.00035
4.49,0.999507
4.495,1.00134
4.5,1
4.505,1.00134
4.51,0.999507
4.515,1.00035
4.52,0.998027
4.525,0.998376
4.53,0.995562
4.535,0.995415
4.54,0.992115
4.545,0.991472
4.55,0.987688
4.555,0.986551
4.56,0.982287
4.565,0.980656
4.57,0.975917
4.575,0.973793
4.58,0.968583
4.585,0.965969
4.59,0.960294
4.595,0.957191
4.6,0.951057
4.605,0.94747
4.61,0.940881
4.615,0.936813
4.62,0.929776
4.625,0.925231
4.63,0.917755
4.635,0.912737
4.64,0.904827
4.645,0.899341
4.65,0.891007
4.655,0.885059
4.66,0.876307
4.665,0.869902
4.67,0.860742
4.675,0.853888
4.68,0.844328
4.685,0.83703
4.69,0.827081
4.695,0.819347
4.7,0.809017
4.705,0.800855
4.71,0.790155
4.715,0.781572
4.72,0.770513
4.725,0.761519
4.73,0.750111
4.735,0.740713
4.74,0.728969
4.745,0.719177
4.75,0.707107
4.755,0.696931
4.76,0.684547
4.765,0.673997
4.77,0.661312
4.775,0.650398
4.78,0.637424
4.785,0.626157
4.79,0.612907
4.795,0.601299
4.8,0.587785
4.805,0.575847
4.81,0.562083
4.815,0.549826
4.82,0.535827
4.825,0.523263
4.83,0.509041
4.835,0.496184
4.84,0.481754
4.845,0.468614
4.85,0.45399
4.855,0.440583
4.86,0.425779
4.865,0.412116
4.87,0.397148
4.875,0.383243
4.88,0.368125
4.885,0.353992
4.89,0.338738
4.895,0.324391
4.9,0.309017
4.905,0.294471
4.91,0.278991
4.915,0.264259
4.92,0.24869
4.925,0.233787
4.93,0.218143
4.935,0.203084
4.94,0.187381
4.945,0.172181
4.95,0.156434
4.955,0.141107
4.96,0.125333
4.965,0.109895
4.97,0.0941083
4.975,0.0785739
4.98,0.0627905
4.985,0.0471754
4.99,0.0314108
4.995,0.0157303
5,6.12323e-16
5.005,-0.0157303
5.01,-0.0314108
5.015,-0.0471754
5.02,-0.0627905
5.025,-0.0785739
5.03,-0.0941083
5.035,-0.109895
5.04,-0.125333
5.045,-0.141107
5.05,-0.156434
5.055,-0.172181
5.06,-0.187381
5.065,-0.203084
5.07,-0.218143
5.075,-0.233787
5.08,-0.24869
5.085,-0.264259
5.09,-0.278991
5.095,-0.294471
5.1,-0.309017
5.105,-0.324391
5.11,-0.338738
5.115,-0.353992
5.12,-0.368125
5.125,-0.383243
5.13,-0.397148
5.135,-0.412116
5.14,-0.425779
5.145,-0.440583
5.15,-0.45399
5.155,-0.468614
5.16,-0.481754
5.165,-0.496184
5.17,-0.509041
5.175,-0.523263
5.18,-0.535827
5.185,-0.549826
5.19,-0.562083
5.195,-0.575847
5.2,-0.587785
5.205,-0.601299
5.21,-0.612907
5.215,-0.626157
5.22,-0.637424
5.225,-0.650398
5.23,-0.661312
5.235,-0.673997
5.24,-0.684547
5.245,-0.696931
5.25,-0.707107
5.255,-0.719177
5.26,-0.728969
5.265,-0.740713
5.27,-0.750111
5.275,-0.761519
5.28,-0.770513
5.285,-0.781572
5.29,-0.790155
5.295,-0.800855
5.3,-0.809017
5.305,-0.819347
5.31,-0.827081
5.315,-0.83703
5.32,-0.844328
5.325,-0.853888
5.33,-0.860742
5.335,-0.869902
5.34,-0.876307
5.345,-0.885059
5.35,-0.891007
5.355,-0.899341
5.36,-0.904827
5.365,-0.912737
5.37,-0.917755
5.375,-0.925231
5.38,-0.929776
5.385,-0.936813
5.39,-0.940881
5.395,-0.94747
5.4,-0.951057
5.405,-0.957191
5.41,-0.960294
5.415,-0.965969
5.42,-0.968583
5.425,-0.973793
5.43,-0.975917
5.435,-0.980656
5.44,-0.982287
5.445,-0.986551
5.45,-0.987688
5.455,-0.991472
5.46,-0.992115
5.465,-0.995415
5.47,-0.995562
5.475,-0.998376
5.48,-0.998027
5.485,-1.00035
5.49,-0.999507
5.495,-1.00134
5.5,-1
5.505,-1.00134
5.51,-0.999507
5.515,-1.00035
5.52,-0.998027
5.525,-0.998376
5.53,-0.995562
5.535,-0.995415
5.54,-0.992115
5.545,-0.991472
5.55,-0.987688
5.555,-0.986551
5.56,-0.982287
5.565,-0.980656
5.57,-0.975917
5.575,-0.973793
5.58,-0.968583
5.585,-0.965969
5.59,-0.960294
5.595,-0.957191
5.6,-0.951057
5.605,-0.94747
5.61,-0.940881
5.615,-0.936813
5.62,-0.929776
5.625,-0.925231
5.63,-0.917755
5.635,-0.912737
5.64,-0.904827
5.645,-0.899341
5.65,-0.891007
5.655,-0.885059
5.66,-0.876307
5.665,-0.869902
5.67,-0.860742
5.675,-0.853888
5.68,-0.844328
5.685,-0.83703
5.69,-0.827081
5.695,-0.819347
5.7,-0.809017
5.705,-0.800855
5.71,-0.790155
5.715,-0.781572
5.72,-0.770513
5.725,-0.761519
5.73,-0.750111
5.735,-0.740713
5.74,-0.728969
5.745,-0.719177
5.75,-0.707107
5.755,-0.696931
5.76,-0.684547
5.765,-0.673997
5.77,-0.661312
5.775,-0.650398
5.78,-0.637424
5.785,-0.626157
5.79,-0.612907
5.795,-0.601299
5.8,-0.587785
5.805,-0.575847
5.81,-0.562083
5.815,-0.549826
5.82,-0.535827
5.825,-0.523263
5.83,-0.509041
5.835,-0.496184
5.84,-0.481754
5.845,-0.468614
5.85,-0.45399
5.855,-0.440583
5.86,-0.425779
5.865,-0.412116
5.87,-0.397148
5.875,-0.383243
5.88,-0.368125
5.885,-0.353992
5.89,-0.338738
5.895,-0.324391
5.9,-0.309017
5.905,-0.294471
5.91,-0.278991
5.915,-0.264259
5.92,-0.24869
5.925,-0.233787
5.93,-0.218143
5.935,-0.203084
5.94,-0.187381
5.945,-0.172181
5.95,-0.156434
5.955,-0.141107
5.96,-0.125333
5.965,-0.109895
5.97,-0.0941083
5.975,-0.0785739
5.98,-0.0627905
5.985,-0.0471754
5.99,-0.0314108
5.995,-0.0157303
6,-7.34788e-16
6.005,0.0157303
6.01,0.0314108
6.015,0.0471754
6.02,0.0627905
6.025,0.0785739
6.03,0.0941083
6.035,0.109895
6.04,0.125333
6.045,0.141107
6.05,0.156434
6.055,0.172181
6.06,0.187381
6.065,0.203084
6.07,0.218143
6.075,0.233787
6.08,0.24869
6.085,0.264259
6.09,0.278991
6.095,0.294471
6.1,0.309017
6.105,0.324391
6.11,0.338738
6.115,0.353992
6.12,0.368125
6.125,0.383243
6.13,0.397148
6.135,0.412116
6.14,0.425779
6.145,0.440583
6.15,0.45399
6.155,0.468614
6.16,0.481754
6.165,0.496184
6.17,0.509041
6.175,0.523263
6.18,0.535827
6.185,0.549826
6.19,0.562083
6.195,0.575847
6.2,0.587785
6.205,0.601299
6.21,0.612907
6.215,0.626157
6.22,0.637424
6.225,0.650398
6.23,0.661312
6.235,0.673997
6.24,0.684547
6.245,0.696931
6.25,0.707107
6.255,0.719177
6.26,0.728969
6.265,0.740713
6.27,0.750111
6.275,0.761519
6.28,0.770513
6.285,0.781572
6.29,0.790155
6.295,0.800855
6.3,0.809017
6.305,0.819347
6.31,0.827081
6.315,0.83703
6.32,0.844328
6.325,0.853888
6.33,0.860742
6.335,0.869902
6.34,0.876307
6.345,0.885059
6.35,0.891007
6.355,0.899341
6.36,0.904827
6.365,0.912737
6.37,0.917755
6.375,0.925231
6.38,0.929776
6.385,0.936813
6.39,0.940881
6.395,0.94747
6.4,0.951057
6.405,0.957191
6.41,0.960294
6.415,0.965969
6.42,0.968583
6.425,0.973793
6.43,0.975917
6.435,0.980656
6.44,0.982287
6.445,0.986551
6.45,0.987688
6.455,0.991472
6.46,0.992115
6.465,0.995415
6.47,0.995562
6.475,0.998376
6.48,0.998027
6.485,1.00035
6.49,0.999507
6.495,1.00134
6.5,1
6.505,1.00134
6.51,0.999507
6.515,1.00035
6.52,0.998027
6.525,0.998376
6.53,0.995562
6.535,0.995415
6.54,0.992115
6.545,0.991472
6.55,0.987688
6.555,0.986551
6.56,0.982287
6.565,0.980656
6.57,0.975917
6.575,0.973793
6.58,0.968583
6.585,0.965969
6.59,0.960294
6.595,0.957191
6.6,0.951057
6.605,0.94747
6.61,0.940881
6.615,0.936813
6.62,0.929776
6.625,0.925231
6.63,0.917755
6.635,0.912737
6.64,0.904827
6.645,0.899341
6.65,0.891007
6.655,0.885059
6.66,0.876307
6.665,0.869902
6.67,0.860742
6.675,0.853888
6.68,0.844328
6.685,0.83703
6.69,0.827081
6.695,0.819347
6.7,0.809017
6.705,0.800855
6.71,0.790155
6.715,0.781572
6.72,0.770513
6.725,0.761519
6.73,0.750111
6.735,0.740713
6.74,0.728969
6.745,0.719177
6.75,0.707107
6.755,0.696931
6.76,0.684547
6.765,0.673997
6.77,0.661312
6.775,0.650398
6.78,0.637424
6.785,0.626157
6.79,0.612907
6.795,0.601299
6.8,0.587785
6.805,0.575847
6.81,0.562083
6.815,0.549826
6.82,0.535827
6.825,0.523263
6.83,0.509041
6.835,0.496184
6.84,0.481754
6.845,0.468614
6.85,0.45399
6.855,0.440583
6.86,0.425779
6.865,0.412116
6.87,0.397148
6.875,0.383243
6.88,0.368125
6.885,0.353992
6.89,0.338738
6.895,0.324391
6.9,0.309017
6.905,0.294471
6.91,0.278991
6.915,0.264259
6.92,0.24869
6.925,0.233787
6.93,0.218143
6.935,0.203084
6.94,0.187381
6.945,0.172181
6.95,0.156434
6.955,0.141107
6.96,0.125333
6.965,0.109895
6.97,0.0941083
6.975,0.0785739
6.98,0.0627905
6.985,0.0471754
6.99,0.0314108
6.995,0.0157303
7,8.57253e-16
7.005,-0.0157303
7.01,-0.0314108
7.015,-0.0471754
7.02,-0.0627905
7.025,-0.0785739
7.03,-0.0941083
7.035,-0.109895
7.04,-0.125333
7.045,-0.141107
7.05,-0.156434
7.055,-0.172181
7.06,-0.187381
7.065,-0.203084
7.07,-0.218143
7.075,-0.233787
7.08,-0.24869
7.085,-0.264259
7.09,-0.278991
7.095,-0.294471
7.1,-0.309017
7.105,-0.324391
7.11,-0.338738
7.115,-0.353992
7.12,-0.368125
7.125,-0.383243
7.13,-0.397148
7.135,-0.412116
7.14,-0.425779
7.145,-0.440583
7.15,-0.45399
7.155,-0.468614
7.16,-0.481754
7.165,-0.496184
7.17,-0.509041
7.175,-0.523263
7.18,-0.535827
7.185,-0.549826
7.19,-0.562083
7.195,-0.575847
7.2,-0.587785
7.205,-0.601299
7.21,-0.612907
7.215,-0.626157
7.22,-0.637424
7.225,-0.650398
7.23,-0.661312
7.235,-0.673997
7.24,-0.684547
7.245,-0.696931
7.25,-0.707107
7.255,-0.719177
7.26,-0.728969
7.265,-0.740713
7.27,-0.750111
7.275,-0.761519
7.28,-0.770513
7.285,-0.781572
7.29,-0.790155
7.295,-0.800855
7.3,-0.809017
7.305,-0.819347
7.31,-0.827081
7.315,-0.83703
7.32,-0.844328
7.325,-0.853888
7.33,-0.860742
7.335,-0.869902
7.34,-0.876307
7.345,-0.885059
7.35,-0.891007
7.355,-0.899341
7.36,-0.904827
7.365,-0.912737
7.37,-0.917755
7.375,-0.925231
7.38,-0.929776
7.385,-0.936813
7.39,-0.940881
7.395,-0.94747
7.4,-0.951057
7.405,-0.957191
7.41,-0.960294
7.415,-0.965969
7.42,-0.968583
7.425,-0.973793
7.43,-0.975917
7.435,-0.980656
7.44,-0.982287
7.445,-0.986551
7.45,-0.987688
7.455,-0.991472
7.46,-0.992115
7.465,-0.995415
7.47,-0.995562
7.475,-0.998376
7.48,-0.998027
7.485,-1.00035
7.49,-0.999507
7.495,-1.00134
7.5,-1
7.505,-1.00134
7.51,-0.999507
7.515,-1.00035
7.52,-0.998027
7.525,-0.998376
7.53,-0.995562
7.535,-0.995415
7.54,-0.992115
7.545,-0.991472
7.55,-0.987688
7.555,-0.986551
7.56,-0.982287
7.565,-0.980656
7.57,-0.975917
7.575,-0.973793
7.58,-0.968583
7.585,-0.965969
7.59,-0.960294
7.595,-0.957191
7.6,-0.951057
7.605,-0.94747
7.61,-0.940881
7.615,-0.936813
7.62,-0.929776
7.625,-0.925231
7.63,-0.917755
7.635,-0.912737
7.64,-0.904827
7.645,-0.899341
7.65,-0.891007
7.655,-0.885059
7.66,-0.876307
7.665,-0.869902
7.67,-0.860742
7.675,-0.853888
7.68,-0.844328
7.685,-0.83703
7.69,-0.827081
7.695,-0.819347
7.7,-0.809017
7.705,-0.800855
7.71,-0.790155
7.715,-0.781572
7.72,-0.770513
7.725,-0.761519
7.73,-0.750111
7.735,-0.740713
7.74,-0.728969
7.745,-0.719177
7.75,-0.707107
7.755,-0.696931
7.76,-0.684547
7.765,-0.673997
7.77,-0.661312
7.775,-0.650398
7.78,-0.637424
7.785,-0.626157
7.79,-0.612907
7.795,-0.601299
7.8,-0.587785
7.805,-0.575847
7.81,-0.562083
7.815,-0.549826
7.82,-0.535827
7.825,-0.523263
7.83,-0.509041
7.835,-0.496184
7.84,-0.481754
7.845,-0.468614
7.85,-0.45399
7.855,-0.440583
7.86,-0.425779
7.865,-0.412116
7.87,-0.397148
7.875,-0.383243
7.88,-0.368125
7.885,-0.353992
7.89,-0.338738
7.895,-0.324391
7.9,-0.309017
7.905,-0.294471
7.91,-0.278991
7.915,-0.264259
7.92,-0.24869
7.925,-0.233787
7.93,-0.218143
7.935,-0.203084
7.94,-0.187381
7.945,-0.172181
7.95,-0.156434
7.955,-0.141107
7.96,-0.125333
7.965,-0.109895
7.97,-0.0941083
7.975,-0.0785739
7.98,-0.0627905
7.985,-0.0471754
7.99,-0.0314108
7.995,-0.0157303
8,-9.79717e-16
8.005,0.0157303
8.01,0.0314108
8.015,0.0471754
8.02,0.0627905
8.025,0.0785739
8.03,0.0941083
8.035,0.109895
8.04,0.125333
8.045,0.141107
8.05,0.156434
8.055,0.172181
8.06,0.187381
8.065,0.203084
8.07,0.218143
8.075,0.233787
8.08,0.24869
8.085,0.264259
8.09,0.278991
8.095,0.294471
8.1,0.309017
8.105,0.324391
8.11,0.338738
8.115,0.353992
8.12,0.368125
8.125,0.383243
8.13,0.397148
8.135,0.412116
8.14,0.425779
8.145,0.440583
8.15,0.45399
8.155,0.468614
8.16,0.481754
8.165,0.496184
8.17,0.509041
8.175,0.523263
8.18,0.535827
8.185,0.549826
8.19,0.562083
8.195,0.575847
8.2,0.587785
8.205,0.601299
8.21,0.612907
8.215,0.626157
8.22,0.637424
8.225,0.650398
8.23,0.661312
8.235,0.673997
8.24,0.684547
8.245,0.696931
8.25,0.707107
8.255,0.719177
8.26,0.728969
8.265,0.740713
8.27,0.750111
8.275,0.761519
8.28,0.770513
8.285,0.781572
8.29,0.790155
8.295,0.800855
8.3,0.809017
8.305,0.819347
8.31,0.827081
8.315,0.83703
8.32,0.844328
8.325,0.853888
8.33,0.860742
8.335,0.869902
8.34,0.876307
8.345,0.885059
8.35,0.891007
8.355,0.899341
8.36,0.904827
8.365,0.912737
8.37,0.917755
8.375,0.925231
8.38,0.929776
8.385,0.936813
8.39,0.940881
8.395,0.94747
8.4,0.951057
8.405,0.957191
8.41,0.960294
8.415,0.965969
8.42,0.968583
8.425,0.973793
8.43,0.975917
8.435,0.980656
8.44,0.982287
8.445,0.986551
8.45,0.987688
8.455,0.991472
8.46,0.992115
8.465,0.995415
8.47,0.995562
8.475,0.998376
8.48,0.998027
8.485,1.00035
8.49,0.999507
8.495,1.00134
8.5,1
8.505,1.00134
8.51,0.999507
8.515,1.00035
8.52,0.998027
8.525,0.998376
8.53,0.995562
8.535,0.995415
8.54,0.992115
8.545,0.991472
8.55,0.987688
8.555,0.986551
8.56,0.982287
8.565,0.980656
8.57,0.975917
8.575,0.973793
8.58,0.968583
8.585,0.965969
8.59,0.960294
8.595,0.957191
8.6,0.951057
8.605,0.94747
8.61,0.940881
8.615,0.936813
8.62,0.929776
8.625,0.925231
8.63,0.917755
8.635,0.912737
8.64,0.904827
8.645,0.899341
8.65,0.891007
8.655,0.885059
8.66,0.876307
8.665,0.869902
8.67,0.860742
8.675,0.853888
8.68,0.844328
8.685,0.83703
8.69,0.827081
8.695,0.819347
8.7,0.809017
8.705,0.800855
8.71,0.790155
8.715,0.781572
8.72,0.770513
8.725,0.761519
8.73,0.750111
8.735,0.740713
8.74,0.728969
8.745,0.719177
8.75,0.707107
8.755,0.696931
8.76,0.684547
8.765,0.673997
8.77,0.661312
8.775,0.650398
8.78,0.637424
8.785,0.626157
8.79,0.612907
8.795,0.601299
8.8,0.587785
8.805,0.575847
8.81,0.562083
8.815,0.549826
8.82,0.535827
8.825,0.523263
8.83,0.509041
8.835,0.496184
8.84,0.481754
8.845,0.468614
8.85,0.45399
8.855,0.440583
8.86,0.425779
8.865,0.412116
8.87,0.397148
8.875,0.383243
8.88,0.368125
8.885,0.353992
8.89,0.338738
8.895,0.324391
8.9,0.309017
8.905,0.294471
8.91,0.278991
8.915,0.264259
8.92,0.24869
8.925,0.233787
8.93,0.218143
8.935,0.203084
8.94,0.187381
8.945,0.172181
8.95,0.156434
8.955,0.141107
8.96,0.125333
8.965,0.109895
8.97,0.0941083
8.975,0.0785739
8.98,0.0627905
8.985,0.0471754
8.99,0.0314108
8.995,0.0157303
9,1.10218e-15
9.005,-0.0157303
9.01,-0.0314108
9.015,-0.0471754
9.02,-0.0627905
9.025,-0.0785739
9.03,-0.0941083
9.035,-0.109895
9.04,-0.125333
9.045,-0.141107
9.05,-0.156434
9.055,-0.172181
9.06,-0.187381
9.065,-0.203084
9.07,-0.218143
9.075,-0.233787
9.08,-0.24869
9.085,-0.264259
9.09,-0.278991
9.095,-0.294471
9.1,-0.309017
9.105,-0.324391
9.11,-0.338738
9.115,-0.353992
9.12,-0.368125
9.125,-0.383243
9.13,-0.397148
9.135,-0.412116
9.14,-0.425779
9.145,-0.440583
9.15,-0.45399
9.155,-0.468614
9.16,-0.481754
9.165,-0.496184
9.17,-0.509041
9.175,-0.523263
9.18,-0.535827
9.185,-0.549826
9.19,-0.562083
9.195,-0.575847
9.2,-0.587785
9.205,-0.601299
9.21,-0.612907
9.215,-0.626157
9.22,-0.637424
9.225,-0.650398
9.23,-0.661312
9.235,-0.673997
9.24,-0.684547
9.245,-0.696931
9.25,-0.707107
9.255,-0.719177
9.26,-0.728969
9.265,-0.740713
9.27,-0.750111
9.275,-0.761519
9.28,-0.770513
9.285,-0.781572
9.29,-0.790155
9.295,-0.800855
9.3,-0.809017
9.305,-0.819347
9.31,-0.827081
9.315,-0.83703
9.32,-0.844328
9.325,-0.853888
9.33,-0.860742
9.335,-0.869902
9.34,-0.876307
9.345,-0.885059
9.35,-0.891007
9.355,-0.899341
9.36,-0.904827
9.365,-0.912737
9.37,-0.917755
9.375,-0.925231
9.38,-0.929776
9.385,-0.936813
9.39,-0.940881
9.395,-0.94747
9.4,-0.951057
9.405,-0.957191
9.41,-0.960294
9.415,-0.965969
9.42,-0.968583
9.425,-0.973793
9.43,-0.975917
9.435,-0.980656
9.44,-0.982287
9.445,-0.986551
9.45,-0.987688
9.455,-0.991472
9.46,-0.992115
9.465,-0.995415
9.47,-0.995562
9.475,-0.998376
9.48,-0.998027
9.485,-1.00035
9.49,-0.999507
9.495,-1.00134
9.5,-1
9.505,-1.00134
9.51,-0.999507
9.515,-1.00035
9.52,-0.998027
9.525,-0.998376
9.53,-0.995562
9.535,-0.995415
9.54,-0.992115
9.545,-0.991472
9.55,-0.987688
9.555,-0.986551
9.56,-0.982287
9.565,-0.980656
9.57,-0.975917
9.575,-0.973793
9.58,-0.968583
9.585,-0.965969
9.59,-0.960294
9.595,-0.957191
9.6,-0.951057
9.605,-0.94747
9.61,-0.940881
9.615,-0.936813
9.62,-0.929776
9.625,-0.925231
9.63,-0.917755
9.635,-0.912737
9.64,-0.904827
9.645,-0.899341
9.65,-0.891007
9.655,-0.885059
9.66,-0.876307
9.665,-0.869902
9.67,-0.860742
9.675,-0.853888
9.68,-0.844328
9.685,-0.83703
9.69,-0.827081
9.695,-0.819347
9.7,-0.809017
9.705,-0.800855
9.71,-0.790155
9.715,-0.781572
9.72,-0.770513
9.725,-0.761519
9.73,-0.750111
9.735,-0.740713
9.74,-0.728969
9.745,-0.719177
9.75,-0.707107
9.755,-0.696931
9.76,-0.684547
9.765,-0.673997
9.77,-0.661312
9.775,-0.650398
9.78,-0.637424
9.785,-0.626157
9.79,-0.612907
9.795,-0.601299
9.8,-0.587785
9.805,-0.575847
9.81,-0.562083
9.815,-0.549826
9.82,-0.535827
9.825,-0.523263
9.83,-0.509041
9.835,-0.496184
9.84,-0.481754
9.845,-0.468614
9.85,-0.45399
9.855,-0.440583
9.86,-0.425779
9.865,-0.412173
9.87,-0.397148
9.875,-0.383281
9.88,-0.368125
9.885,-0.354124
9.89,-0.338738
9.895,-0.324445
9.9,-0.309017
9.905,-0.294703
9.91,-0.278991
9.915,-0.264298
9.92,-0.24869
9.925,-0.234155
9.93,-0.218143
9.935,-0.203062
9.94,-0.187381
9.945,-0.172745
9.95,-0.156434
9.955,-0.140937
9.96,-0.125333
9.965,-0.110789
9.97,-0.0941083
9.975,-0.0780138
9.98,-0.0627905
9.985,-0.0489141
9.99,-0.0314108
9.995,-0.0132505
